Transaction Source,Date,Pe,Vendor,Category,Amount Debit,Amount Credit,"Total Spending $-65,445.55","Total Income $80,017.27",5653.5
Arizona Federal Debit Card,6/13/2025,PANERA BREAD #606104 O 480-707-6090 AZ Date 06/13/25 24692165164107598623782 5814 %% MCC 5814,Panera Bread,Restaurants,-$4.11,,Prompt:,N/A,
Arizona Federal Debit Card,6/14/2025,PANERA SIP CLUB 606104 480-707-6090 AZ Date 06/13/25 24692165164107598623766 5814 %% MCC 5814,Panera Bread,Restaurants,-$6.51,,,,
Arizona Federal Debit Card,6/13/2025,SUNNYSIDE SMOKE & VAPE PHOENIX AZ Date 06/12/25 24055225164371001616873 5993 %% MCC 5993,Sunnyside Smoke & Vape,Kratom,-$23.88,,,,
Arizona Federal Debit Card,6/13/2025,BURGER KING #4105 PHOENIX AZ Date 06/11/25 24941445163047746236416 5814 %% MCC 5814,Burger King,Restaurants,-$4.98,,,,
Arizona Federal Debit Card,6/12/2025,HOMEGOODS 1201 1919 E CAMELBACK RD STE PHOENIX AZ %% MCC 5310,HomeGoods,Home Improvement,-$45.66,,,,
Arizona Federal Debit Card,6/12/2025,PANERA BREAD #606104 O 480-707-6090 AZ Date 06/12/25 24692165163106677286827 5814 %% MCC 5814,Panera Bread,Restaurants,-$4.11,,,,
Arizona Federal Debit Card,6/11/2025,TYPE: Payroll  ID: 1730383055 CO: MIDFIRST BANK %% ACH ECC PPD %% ACH Trace 303087995856295,MidFirst Bank,Paycheck,,2844.41,,,
Arizona Federal Debit Card,6/11/2025,PANERA BREAD #606104 O 480-707-6090 AZ Date 06/11/25 24692165162105777973467 5814 %% MCC 5814,Panera Bread,Restaurants,-$4.11,,,,
Arizona Federal Debit Card,6/10/2025,PANERA BREAD #606104 O 480-707-6090 AZ Date 06/10/25 24692165161104897530381 5814 %% MCC 5814,Panera Bread,Restaurants,-$4.11,,,,
Arizona Federal Debit Card,6/9/2025,QT 447 MESA AZ Date 06/08/25 24692165160104320192362 5541 %% MCC 5541,QuikTrip,Convenience Stores,-$12.91,,,,
Arizona Federal Debit Card,6/9/2025,GOOGLE *Google One 855-836-3987 CA Date 06/09/25 24692165160104092188598 7372 %% MCC 7372,Google One,Subscriptions - Apps,-$21.60,,,,
Arizona Federal Debit Card,6/9/2025,PANERA BREAD #606104 O 480-707-6090 AZ Date 06/09/25 24692165160104010225134 5814 %% MCC 5814,Panera Bread,Restaurants,-$4.11,,,,
Arizona Federal Debit Card,6/8/2025,QT 447 OUTSIDE MESA AZ %% MCC 5542,QuikTrip,Gas & Fuel,-$42.12,,,,
Arizona Federal Debit Card,6/8/2025,PANERA BREAD #606104 O 480-707-6090 AZ Date 06/08/25 24692165159103165485553 5814 %% MCC 5814,Panera Bread,Restaurants,-$4.11,,,,
Arizona Federal Debit Card,6/8/2025,WATER N ICE PHOENIX AZ Date 06/07/25 24013395158001437461467 5499 %% MCC 5499,Water and Ice,Water,-$9.00,,,,
Arizona Federal Debit Card,6/7/2025,GOOGLE *Telegram g.co/helppay# CA Date 06/07/25 24692165158102301307136 5816 %% MCC 5816,Telegram,Subscriptions - Apps,-$5.39,,,,
Arizona Federal Debit Card,6/7/2025,PANERA BREAD #606104 O 480-707-6090 AZ Date 06/07/25 24692165158102238372658 5814 %% MCC 5814,Panera Bread,Restaurants,-$4.11,,,,
Arizona Federal Debit Card,6/7/2025,Walmart.com Bentonville AR %% MCC 5310,Walmart,Groceries,-$120.01,,,,
Arizona Federal Debit Card,6/7/2025,"#9ZMYYU4T  Adobe Park Avenue,345 San Jose CA %% MCC 5817",Adobe,Subscriptions - Apps,-$17.37,,,,
Arizona Federal Debit Card,6/7/2025,QT 425 PHOENIX AZ Date 06/05/25 24692165158101987379435 5541 %% MCC 5541,QuikTrip,Convenience Stores,-$10.66,,,,
Arizona Federal Debit Card,6/6/2025,PANERA BREAD #606104 O 480-707-6090 AZ Date 06/06/25 24692165157101243743888 5814 %% MCC 5814,Panera Bread,Restaurants,-$4.11,,,,
Chase Amazon Credit Card,6/6/2025,PlayStation Network ,PlayStation Network ,Subscriptions - Streaming Services,-$10.79,,,,
Arizona Federal Debit Card,6/5/2025,PANERA BREAD #606104 O 480-707-6090 AZ Date 06/05/25 24692165156100303182871 5814 %% MCC 5814,Panera Bread,Restaurants,-$4.11,,,,
Arizona Federal Debit Card,6/4/2025,TYPE: Payment  ID: 9864031004  CO: ATT %% ACH ECC PPD %% ACH Trace 031100200449949,AT&T,Cell Phone,-$97.00,,,,
Chase Amazon Credit Card,6/4/2025,Panera Bread,Panera Bread,Restaurants,-$4.11,,,,
Arizona Federal Debit Card,6/3/2025,TYPE: CPC-CLIENT  ID: 9000313004 CO: STATE FARM RO 27 %% ACH ECC PPD %% ACH Trace 021000021225494,State Farm,Insurance - Home Owners,-$92.08,,,,
Arizona Federal Debit Card,6/3/2025,PANERA BREAD #606104 O 480-707-6090 AZ Date 06/03/25 24692165154108430862499 5814 %% MCC 5814,Panera Bread,Restaurants,-$4.11,,,,
Arizona Federal Debit Card,6/3/2025,WMT PLUS Jun 2025 800-925-6278 AR Date 06/02/25 24692165154108171150641 5968 %% MCC 5968,Walmart Plus,Subscriptions - Apps,-$14.06,,,,
Arizona Federal Debit Card,6/2/2025,TYPE: CASH  ID: 1262049351  CO: PENNYMAC NAME: Travis C Balthes %% ACH ECC WEB %% ACH Trace 021000027881611,PennyMac,Mortgage,"-$1,107.55",,,,
Arizona Federal Debit Card,6/2/2025,QT 1408 PHOENIX AZ Date 06/01/25 24692165153107820378901 5541 %% MCC 5541,QuikTrip,Convenience Stores,-$7.77,,,,
Chase Amazon Credit Card,6/2/2025,Fronteir Airlines,Fronteir Airlines,Travel,-$123.94,,,,
Arizona Federal Debit Card,6/1/2025,Keep It Cut Arcadia Phoenix AZ Date 06/01/25 24793385152002159536075 7230 %% MCC 7230,Keep It Cut,Personal Care,-$33.00,,,,
Arizona Federal Debit Card,6/1/2025,PANERA BREAD #606104 O 480-707-6090 AZ Date 06/01/25 24692165152106497764238 5814 %% MCC 5814,Panera Bread,Restaurants,-$4.11,,,,
Chase Amazon Credit Card,6/1/2025,Google Cloud Services,Google Cloud Services,Hobbies,$0.01,,,,
Arizona Federal Debit Card,5/31/2025,"%% APY Earned  0.12% 05/01/25 to 05/31/25 %% APYE Avg Daily Bal           20,475.32",APY,Financial,,2.09,,,
Arizona Federal Debit Card,5/31/2025,WALMART.COM 8009256278 702 SW 8TH ST BENTONVILLE AR %% MCC 5310,Walmart,Groceries,-$120.51,,,,
Chase Amazon Credit Card,5/31/2025,Amazon . com,Amazon . com,Shopping,-$23.36,,,,
Chase Amazon Credit Card,5/31/2025,Amazon . com,Amazon . com,Shopping,-$108.59,,,,
Chase Amazon Credit Card,5/31/2025,Panera Bread,Panera Bread,Restaurants,-$4.11,,,,
Arizona Federal Debit Card,5/30/2025,QT 435 PHOENIX AZ Date 05/29/25 24692165150105002878782 5541 %% MCC 5541,QuikTrip,Convenience Stores,-$10.38,,,,
Arizona Federal Debit Card,5/30/2025,TST* O.H.S.O. & LITTLE PHOENIX AZ Date 05/30/25 24137465150501020108292 5812 %% MCC 5812,O.H.S.O. Phoenix,Restaurants,-$45.33,,,,
Arizona Federal Debit Card,5/30/2025,PANERA BREAD #606104 O 480-707-6090 AZ Date 05/30/25 24692165150104653509804 5814 %% MCC 5814,Panera Bread,Restaurants,-$4.11,,,,
Chase Amazon Credit Card,5/30/2025,Amazon . com,Amazon . com,Shopping,-$30.13,,,,
Chase Amazon Credit Card,5/30/2025,Amazon . com,Amazon . com,Shopping,-$3.25,,,,
Chase Amazon Credit Card,5/30/2025,Amazon . com,Amazon . com,Shopping,-$4.08,,,,
Arizona Federal Debit Card,5/29/2025,QT 435 PHOENIX AZ Date 05/28/25 24692165149104094969736 5541 %% MCC 5541,QuikTrip,Convenience Stores,-$8.27,,,,
Arizona Federal Debit Card,5/29/2025,PANERA BREAD #606104 O 480-707-6090 AZ Date 05/29/25 24692165149103775609272 5814 %% MCC 5814,Panera Bread,Restaurants,-$4.11,,,,
Chase Amazon Credit Card,5/29/2025,"Groupon, Inc. groupon.com IL","Groupon, Inc. groupon.com IL",Health & Wellness - Doctor,-$81.49,,,,
Arizona Federal Debit Card,5/28/2025,TYPE: BILLPAY  ID: 4880085720 CO: SOUTHWEST GAS %% ACH ECC PPD %% ACH Trace 042000017617260,Southwest Gas,Utilities - Gas,-$37.55,,,,
Arizona Federal Debit Card,5/28/2025,TYPE: Payroll  ID: 1730383055 CO: MIDFIRST BANK %% ACH ECC PPD %% ACH Trace 303087998449221,MidFirst Bank,Paycheck,,2844.42,,,
Arizona Federal Debit Card,5/28/2025,PANERA BREAD #606104 O 480-707-6090 AZ Date 05/28/25 24692165148102869468331 5814 %% MCC 5814,Panera Bread,Restaurants,-$4.11,,,,
Chase Amazon Credit Card,5/28/2025,PlayStation Network ,PlayStation Network ,Subscriptions - Streaming Services,-$86.42,,,,
Chase Amazon Credit Card,5/28/2025,TARGET.COM * 800-591-3869 MN,Target . com,Shopping,-$119.45,,,,
Arizona Federal Debit Card,5/27/2025,SUSHI TOKORO PHOENIX AZ Date 05/26/25 24707805147030042829605 5812 %% MCC 5812,Sushi Takoro,Restaurants,-$45.67,,,,
Arizona Federal Debit Card,5/27/2025,TYPE: PAYMENTS  ID: 1860011170 CO: APS electric pmt %% ACH ECC PPD %% ACH Trace 021000020289241,Arizona Public Service (APS),Utilities - Electricity,-$243.52,,,,
Arizona Federal Debit Card,5/27/2025,PANERA BREAD #606104 O 480-707-6090 AZ Date 05/27/25 24692165147102000304719 5814 %% MCC 5814,Panera Bread,Restaurants,-$4.11,,,,
Arizona Federal Debit Card,5/26/2025,KEG STEAKHOUSE AND BAR TEMPE AZ Date 05/25/25 24801975146351629247608 5812 %% MCC 5812,Keg Steakhouse & Bar,Restaurants,-$42.24,,,,
Arizona Federal Debit Card,5/26/2025,QT 1441 INSIDE PHOENIX AZ Date 05/26/25 24692165146101490154023 5541 %% MCC 5541,QuikTrip,Convenience Stores,-$4.58,,,,
Arizona Federal Debit Card,5/26/2025,PANERA BREAD #601829 O 602-274-0290 AZ Date 05/26/25 24692165146101171981421 5814 %% MCC 5814,Panera Bread,Restaurants,-$4.11,,,,
Arizona Federal Debit Card,5/26/2025,QT 1441 OUTSIDE PHOENIX AZ %% MCC 5542,QuikTrip,Gas & Fuel,-$42.62,,,,
Chase Amazon Credit Card,5/26/2025,Amazon . com,Amazon . com,Shopping,-$56.53,,,,
Chase Amazon Credit Card,5/26/2025,Amazon . com,Amazon . com,Shopping,-$93.39,,,,
Chase Amazon Credit Card,5/26/2025,Amazon . com,Amazon . com,Shopping,-$29.81,,,,
Chase Amazon Credit Card,5/26/2025,Amazon . com,Amazon . com,Shopping,-$18.19,,,,
Chase Amazon Credit Card,5/26/2025,PlayStation Network ,PlayStation Network ,Subscriptions - Streaming Services,$12.95,,,,
Arizona Federal Debit Card,5/25/2025,TARGET T-2176 1800 E Rio Salado Pkwy Tempe AZ %% MCC 5411,Target,Groceries,-$12.32,,,,
Arizona Federal Debit Card,5/24/2025,PANERA BREAD #606104 O 480-707-6090 AZ Date 05/24/25 24692165144109439315730 5814 %% MCC 5814,Panera Bread,Restaurants,-$4.11,,,,
Arizona Federal Debit Card,5/24/2025,ELEMENTS MASSAGEPHOENIX 480-4326524 AZ Date 05/23/25 24275395143900015903389 8099 %% MCC 8099,Elements Massage,Health & Wellness - Massage,-$45.00,,,,
Arizona Federal Debit Card,5/24/2025,WWW.PERPLEXITY.AI WWW.PERPLEXIT CA Date 05/23/25 24492165144100011801819 5815 %% MCC 5815,Perplexity AI,Subscriptions - Apps,-$21.72,,,,
Chase Amazon Credit Card,5/24/2025,Amazon . com,Amazon . com,Shopping,-$17.64,,,,
Chase Amazon Credit Card,5/24/2025,Amazon . com,Amazon . com,Shopping,-$21.17,,,,
Chase Amazon Credit Card,5/24/2025,Amazon . com,Amazon . com,Shopping,-$27.08,,,,
Arizona Federal Debit Card,5/23/2025,"TYPE: WEB PYMT  ID: 5911111111 CO: CARDMEMBER SERV NAME: BALTHES,TRAVIS C    64 %% ACH ECC WEB %% ACH Trace 042000012377978",Chase Credit Card,Credit Card Payment,-$454.00,,,,
Arizona Federal Debit Card,5/23/2025,PANERA BREAD #606104 O 480-707-6090 AZ Date 05/23/25 24692165143108451490711 5814 %% MCC 5814,Panera Bread,Restaurants,-$6.50,,,,
Chase Amazon Credit Card,5/23/2025,Amazon . com,Amazon . com,Shopping,-$48.57,,,,
Arizona Federal Debit Card,5/22/2025,PANERA BREAD #606104 O 480-707-6090 AZ Date 05/22/25 24692165142107534505025 5814 %% MCC 5814,Panera Bread,Restaurants,-$4.11,,,,
Chase Amazon Credit Card,5/22/2025,YouTube Premium,YouTube Premium,Subscriptions - Apps,-$15.11,,,,
Chase Amazon Credit Card,5/22/2025,PlayStation Network ,PlayStation Network ,Subscriptions - Streaming Services,$75.62,,,,
Arizona Federal Debit Card,5/21/2025,Walmart.com Bentonville AR %% MCC 5310,Walmart,Groceries,-$106.82,,,,
Arizona Federal Debit Card,5/21/2025,WATER N ICE PHOENIX AZ Date 05/20/25 24013395140004337405148 5499 %% MCC 5499,Water and Ice,Water,-$31.72,,,,
Chase Amazon Credit Card,5/21/2025,Amazon . com,Amazon . com,Shopping,-$21.59,,,,
Arizona Federal Debit Card,5/20/2025,PANERA BREAD #601829 O 602-274-0290 AZ Date 05/20/25 24692165140105745122715 5814 %% MCC 5814,Panera Bread,Restaurants,-$4.11,,,,
Arizona Federal Debit Card,5/19/2025,TYPE: SPEEDPAY  ID: 9282505000 CO: LumenCenturyLink %% ACH ECC PPD %% ACH Trace 021000029183478,Lumen CenturyLink,Internet,-$65.00,,,,
Arizona Federal Debit Card,5/19/2025,PANERA BREAD #606104 O 480-707-6090 AZ Date 05/19/25 24692165139104868179720 5814 %% MCC 5814,Panera Bread,Restaurants,-$4.11,,,,
Arizona Federal Debit Card,5/19/2025,HARKINS FASHION SQ THTR SCOTTSDALE AZ Date 05/18/25 24431065139209197109609 7832 %% MCC 7832,Harkins Theatres,Hobbies,-$31.00,,,,
Arizona Federal Debit Card,5/19/2025,ENERGY SPA SCOTTSDALE AZ Date 05/18/25 24275395138900016300145 7298 %% MCC 7298,Energy Spa,Health & Wellness - Massage,-$53.00,,,,
Arizona Federal Debit Card,5/18/2025,Walmart.com Bentonville AR %% MCC 5310,Walmart,Groceries,-$44.35,,,,
Arizona Federal Debit Card,5/18/2025,PANERA BREAD #606104 O 480-707-6090 AZ Date 05/18/25 24692165138104018963016 5814 %% MCC 5814,Panera Bread,Restaurants,-$4.11,,,,
Arizona Federal Debit Card,5/17/2025,FAMILY DOLLAR 1825 E MCDOWELL RD PHOENIX AZ %% MCC 5331,Family Dollar,Shopping,-$29.52,,,,
Arizona Federal Debit Card,5/17/2025,Netflix.com 408-5403700 CA Date 05/17/25 24204295137001697178048 4899 %% MCC 4899,Netflix,Subscriptions - Streaming Services,-$19.54,,,,
Arizona Federal Debit Card,5/17/2025,PANERA BREAD #601829 O 602-274-0290 AZ Date 05/17/25 24692165137103076617838 5814 %% MCC 5814,Panera Bread,Restaurants,-$4.11,,,,
Arizona Federal Debit Card,5/16/2025,TYPE: INS PREM  ID: 9409348096 DATA: BRANCH05DEBIT  ACH CO: PROG PREFERRED %% ACH ECC PPD %% ACH Trace 021000023163374,Progressive Insurance,Insurance - Vehicle,-$181.01,,,,
Arizona Federal Debit Card,5/16/2025,PANERA BREAD #606104 O 480-707-6090 AZ Date 05/16/25 24692165136102393395756 5814 %% MCC 5814,Panera Bread,Restaurants,-$4.11,,,,
Arizona Federal Debit Card,5/16/2025,ELEMENTS MASSAGEPHOENIX 480-4326524 AZ Date 05/15/25 24275395135900015130678 8099 %% MCC 8099,Elements Massage,Health & Wellness - Massage,-$119.00,,,,
Arizona Federal Debit Card,5/16/2025,BURGER KING #4105 PHOENIX AZ Date 05/14/25 24941445135043912260186 5814 %% MCC 5814,Burger King,Restaurants,-$12.59,,,,
Chase Amazon Credit Card,5/16/2025,Amazon . com,Amazon . com,Shopping,-$17.51,,,,
Arizona Federal Debit Card,5/15/2025,TYPE: PAYMENT  ID: 4866000256 CO: CITY PHX WATER %% ACH ECC PPD %% ACH Trace 021000021300297,Phoenix Water,Utilities - Water,-$67.50,,,,
Arizona Federal Debit Card,5/15/2025,PANERA BREAD #606104 O 480-707-6090 AZ Date 05/15/25 24692165135101174182590 5814 %% MCC 5814,Panera Bread,Restaurants,-$4.11,,,,
Arizona Federal Debit Card,5/15/2025,SQ *DIRECT2RECOVERY Phoenix AZ Date 05/14/25 24692165135101060898689 8099 %% MCC 8099,Direct2Recovery,Health & Wellness - Doctor,-$50.00,,,,
Arizona Federal Debit Card,5/14/2025,GOOGLE *Spotify 855-836-3987 CA Date 05/14/25 24692165134100862356988 5818 %% MCC 5818,Spotify,Subscriptions - Streaming Services,-$12.95,,,,
Arizona Federal Debit Card,5/14/2025,PANERA SIP CLUB 606104 480-707-6090 AZ Date 05/14/25 24692165134100542206397 5814 %% MCC 5814,Panera Bread,Restaurants,-$6.51,,,,
Arizona Federal Debit Card,5/14/2025,Withdrawal Transfer To Loan 0301,AZFCU,Car Payment,-$342.80,,,,
Arizona Federal Debit Card,5/13/2025,TYPE: Payroll  ID: 1730383055 CO: MIDFIRST BANK %% ACH ECC PPD %% ACH Trace 303087999616630,MidFirst Bank,Paycheck,,2844.41,,,
Arizona Federal Debit Card,5/13/2025,QT 435 PHOENIX AZ Date 05/12/25 24692165133109750954144 5541 %% MCC 5541,QuikTrip,Convenience Stores,-$7.99,,,,
Arizona Federal Debit Card,5/13/2025,PANERA BREAD #606104 O 480-707-6090 AZ Date 05/13/25 24692165133109436259280 5814 %% MCC 5814,Panera Bread,Restaurants,-$4.11,,,,
Arizona Federal Debit Card,5/13/2025,SEAMLSS*RICEPAPERON7TH SEAMLESS.COM NY Date 05/13/25 24036295133742141783846 5812 %% MCC 5812,Rice Paper,Restaurants,-$49.09,,,,
Arizona Federal Debit Card,5/12/2025,QT 435 OUTSIDE PHOENIX AZ %% MCC 5542,QuikTrip,Gas & Fuel,-$41.25,,,,
Arizona Federal Debit Card,5/11/2025,PANERA BREAD #606104 O 480-707-6090 AZ Date 05/11/25 24692165131107753956977 5814 %% MCC 5814,Panera Bread,Restaurants,-$4.11,,,,
Chase Amazon Credit Card,5/11/2025,Interest Charge,Interest Charge,Interest,-$18.94,,,,
Arizona Federal Debit Card,5/10/2025,PANERA BREAD #601829 O 602-274-0290 AZ Date 05/10/25 24692165130107091795435 5814 %% MCC 5814,Panera Bread,Restaurants,-$4.11,,,,
Arizona Federal Debit Card,5/9/2025,GOOGLE *Google One g.co/helppay# CA Date 05/09/25 24692165129105883922202 5816 %% MCC 5816,Google One,Subscriptions - Apps,-$21.60,,,,
Arizona Federal Debit Card,5/9/2025,PANERA BREAD #606104 O 480-707-6090 AZ Date 05/09/25 24692165129105779832291 5814 %% MCC 5814,Panera Bread,Restaurants,-$4.11,,,,
Arizona Federal Debit Card,5/9/2025,Walmart.com Bentonville AR %% MCC 5310,Walmart,Groceries,-$116.64,,,,
Chase Amazon Credit Card,5/9/2025,PlayStation Network ,PlayStation Network ,Subscriptions - Streaming Services,-$16.19,,,,
Arizona Federal Debit Card,5/8/2025,QT 435 PHOENIX AZ Date 05/07/25 24692165128105191155991 5541 %% MCC 5541,QuikTrip,Convenience Stores,-$10.68,,,,
Arizona Federal Debit Card,5/8/2025,PANERA BREAD #606104 O 480-707-6090 AZ Date 05/08/25 24692165128104839130565 5814 %% MCC 5814,Panera Bread,Restaurants,-$4.11,,,,
Arizona Federal Debit Card,5/7/2025,QT 435 PHOENIX AZ Date 05/05/25 24692165127104283715912 5541 %% MCC 5541,QuikTrip,Convenience Stores,-$9.67,,,,
Arizona Federal Debit Card,5/7/2025,ADOBE *ADOBE 408-536-6000 CA Date 05/07/25 24036295127718332003606 5734 %% MCC 5734,Adobe,Subscriptions - Apps,-$17.37,,,,
Arizona Federal Debit Card,5/7/2025,GOOGLE *Telegram 855-836-3987 CA Date 05/07/25 24692165127104005384880 5816 %% MCC 5816,Telegram,Subscriptions - Apps,-$5.39,,,,
Arizona Federal Debit Card,5/7/2025,PANERA BREAD #601829 O 602-274-0290 AZ Date 05/07/25 24692165127103939818807 5814 %% MCC 5814,Panera Bread,Restaurants,-$4.11,,,,
Arizona Federal Debit Card,5/7/2025,WALGREENS #4506 800-289-2273 AZ Date 05/06/25 24445005127000831645411 5912 %% MCC 5912,Walgreens,Health & Wellness - Pharmacy,-$15.00,,,,
Arizona Federal Debit Card,5/6/2025,TYPE: Payment  ID: 9864031004  CO: ATT %% ACH ECC PPD %% ACH Trace 031100207061672,AT&T,Cell Phone,-$97.00,,,,
Arizona Federal Debit Card,5/6/2025,PANERA BREAD #606104 O 480-707-6090 AZ Date 05/06/25 24692165126103333620214 5814 %% MCC 5814,Panera Bread,Restaurants,-$4.11,,,,
Arizona Federal Debit Card,5/6/2025,SUNNYSIDE SMOKE & VAPE PHOENIX AZ Date 05/05/25 24055225126329129485552 5993 %% MCC 5993,Sunnyside Smoke & Vape,Kratom,-$40.17,,,,
Chase Amazon Credit Card,5/6/2025,PlayStation Network ,PlayStation Network ,Subscriptions - Streaming Services,-$10.79,,,,
Arizona Federal Debit Card,5/5/2025,PANERA BREAD #601829 O 602-274-0290 AZ Date 05/05/25 24692165125102182290138 5814 %% MCC 5814,Panera Bread,Restaurants,-$4.11,,,,
Arizona Federal Debit Card,5/4/2025,PANERA BREAD #606104 O 480-707-6090 AZ Date 05/04/25 24692165124101333907567 5814 %% MCC 5814,Panera Bread,Restaurants,-$4.11,,,,
Arizona Federal Debit Card,5/4/2025,THE JOINT SMOKE SHOP A PHOENIX AZ Date 05/03/25 24055225124327430548441 5499 %% MCC 5499,The Joint Smoke Shop,Hobbies,-$62.15,,,,
Arizona Federal Debit Card,5/4/2025,SQ *TCC/J & J CORALS Mesa AZ Date 05/03/25 24692165124101185366466 5995 %% MCC 5995,The Home Depot,Home Improvement,-$61.04,,,,
Arizona Federal Debit Card,5/4/2025,MCDONALD'S F39630 MESA AZ Date 05/03/25 24427335123730270797243 5814 %% MCC 5814,McDonald's,Restaurants,-$6.25,,,,
Arizona Federal Debit Card,5/4/2025,BURGER KING #4105 PHOENIX AZ Date 05/02/25 24941445123042254611109 5814 %% MCC 5814,Burger King,Restaurants,-$13.66,,,,
Arizona Federal Debit Card,5/3/2025,PANERA BREAD #606104 O 480-707-6090 AZ Date 05/03/25 24692165123100417925702 5814 %% MCC 5814,Panera Bread,Restaurants,-$4.11,,,,
Arizona Federal Debit Card,5/2/2025,WMT PLUS MAY 2025 WALMART.COM AR Date 05/02/25 24055235122325724073069 5968 %% MCC 5968,Walmart Plus,Subscriptions - Apps,-$14.06,,,,
Arizona Federal Debit Card,5/2/2025,TYPE: CASH  ID: 1262049351  CO: PENNYMAC NAME: Travis C Balthes %% ACH ECC WEB %% ACH Trace 021000029619053,PennyMac,Mortgage,"-$1,107.55",,,,
Arizona Federal Debit Card,5/2/2025,TYPE: CPC-CLIENT  ID: 9000313004 CO: STATE FARM RO 27 %% ACH ECC PPD %% ACH Trace 021000026893002,State Farm,Insurance - Home Owners,-$92.08,,,,
Arizona Federal Debit Card,5/2/2025,PANERA BREAD #606104 O 480-707-6090 AZ Date 05/02/25 24692165122102357380162 5814 %% MCC 5814,Panera Bread,Restaurants,-$8.66,,,,
Arizona Federal Debit Card,5/1/2025,QT 425 PHOENIX AZ Date 04/30/25 24692165121101676130705 5541 %% MCC 5541,QuikTrip,Convenience Stores,-$5.98,,,,
Arizona Federal Debit Card,5/1/2025,PANERA BREAD #601829 O 602-274-0290 AZ Date 05/01/25 24692165121101596266902 5814 %% MCC 5814,Panera Bread,Restaurants,-$4.11,,,,
Arizona Federal Debit Card,5/1/2025,SUNNYSIDE SMOKE & VAPE PHOENIX AZ Date 04/30/25 24055225121323581561229 5993 %% MCC 5993,Sunnyside Smoke & Vape,Kratom,-$80.34,,,,
Chase Amazon Credit Card,5/1/2025,Google Cloud Services,Google Cloud Services,Hobbies,-$0.01,,,,
Arizona Federal Debit Card,4/30/2025,"%% APY Earned  0.12% 04/01/25 to 04/30/25 %% APYE Avg Daily Bal           20,022.65",Interest Income,Interest,,1.97,,,
Arizona Federal Debit Card,4/30/2025,QT 425 OUTSIDE PHOENIX AZ %% MCC 5542,QuikTrip,Gas & Fuel,-$40.88,,,,
Arizona Federal Debit Card,4/30/2025,PANERA BREAD #606104 O 480-707-6090 AZ Date 04/30/25 24692165120100637097301 5814 %% MCC 5814,Panera Bread,Restaurants,-$4.11,,,,
Arizona Federal Debit Card,4/30/2025,SUNNYSIDE SMOKE & VAPE PHOENIX AZ Date 04/29/25 24055225120322500522545 5993 %% MCC 5993,Sunnyside Smoke & Vape,Kratom,-$40.17,,,,
Chase Amazon Credit Card,4/30/2025,Amazon . com,Amazon . com,Shopping,-$3.25,,,,
Chase Amazon Credit Card,4/30/2025,eBay . com,eBay . com,Hobbies,-$40.05,,,,
Arizona Federal Debit Card,4/29/2025,TYPE: BILLPAY  ID: 4880085720 CO: SOUTHWEST GAS %% ACH ECC PPD %% ACH Trace 042000018231947,Southwest Gas,Utilities - Gas,-$54.05,,,,
Arizona Federal Debit Card,4/29/2025,PANERA BREAD #606104 O 480-707-6090 AZ Date 04/29/25 24692165119109735951239 5814 %% MCC 5814,Panera Bread,Restaurants,-$4.11,,,,
Chase Amazon Credit Card,4/29/2025,Amazon . com,Amazon . com,Shopping,-$19.53,,,,
Chase Amazon Credit Card,4/29/2025,Amazon . com,Amazon . com,Shopping,-$21.17,,,,
Arizona Federal Debit Card,4/28/2025,TYPE: Payroll  ID: 1730383055 CO: MIDFIRST BANK %% ACH ECC PPD %% ACH Trace 303087995080120,MidFirst Bank,Paycheck,,2844.42,,,
Arizona Federal Debit Card,4/28/2025,PANERA BREAD #606104 O 480-707-6090 AZ Date 04/28/25 24692165118108593788627 5814 %% MCC 5814,Panera Bread,Restaurants,-$4.11,,,,
Arizona Federal Debit Card,4/27/2025,GOOGLE *Max Stream HBO g.co/helppay# CA Date 04/27/25 24692165117108049606432 5816 %% MCC 5816,Google,Subscriptions - Streaming Services,-$18.36,,,,
Arizona Federal Debit Card,4/27/2025,PANERA BREAD #606104 O 480-707-6090 AZ Date 04/27/25 24692165117107719171420 5814 %% MCC 5814,Panera Bread,Restaurants,-$8.66,,,,
Arizona Federal Debit Card,4/27/2025,WATER N ICE PHOENIX AZ Date 04/26/25 24013395116005759539660 5499 %% MCC 5499,Water and Ice,Water,-$10.35,,,,
Arizona Federal Debit Card,4/26/2025,PANERA BREAD #606104 O 480-707-6090 AZ Date 04/26/25 24692165116106772611265 5814 %% MCC 5814,Panera Bread,Restaurants,-$8.66,,,,
Chase Amazon Credit Card,4/26/2025,Amazon . com,Amazon . com,Shopping,-$136.19,,,,
Chase Amazon Credit Card,4/26/2025,Amazon . com,Amazon . com,Shopping,-$33.11,,,,
Chase Amazon Credit Card,4/26/2025,PlayStation Network ,PlayStation Network ,Subscriptions - Streaming Services,$12.95,,,,
Arizona Federal Debit Card,4/25/2025,SQ *DIRECT2RECOVERY Phoenix AZ Date 04/25/25 24692165115106376113438 8099 %% MCC 8099,Direct2Recovery,Health & Wellness - Doctor,-$50.00,,,,
Arizona Federal Debit Card,4/25/2025,PANERA BREAD #606104 O 480-707-6090 AZ Date 04/25/25 24692165115106101079698 5814 %% MCC 5814,Panera Bread,Restaurants,-$4.11,,,,
Arizona Federal Debit Card,4/24/2025,TYPE: PAYMENTS  ID: 1860011170 CO: APS electric pmt %% ACH ECC PPD %% ACH Trace 021000029454858,Arizona Public Service (APS),Utilities - Electricity,-$243.52,,,,
Arizona Federal Debit Card,4/24/2025,PANERA BREAD #606104 O 480-707-6090 AZ Date 04/24/25 24692165114104900333862 5814 %% MCC 5814,Panera Bread,Restaurants,-$4.11,,,,
Arizona Federal Debit Card,4/24/2025,Walmart.com Bentonville AR %% MCC 5310,Walmart,Groceries,-$97.54,,,,
Arizona Federal Debit Card,4/23/2025,WWW.PERPLEXITY.AI WWW.PERPLEXIT CA Date 04/23/25 24492165114100004407745 5815 %% MCC 5815,Perplexity AI,Subscriptions - Apps,-$21.72,,,,
Arizona Federal Debit Card,4/23/2025,"TYPE: WEB PYMT  ID: 5911111111 CO: CARDMEMBER SERV NAME: BALTHES,TRAVIS C    63 %% ACH ECC WEB %% ACH Trace 042000017446645",Glam Cosmetics,Personal Care,-$455.00,,,,
Arizona Federal Debit Card,4/23/2025,PANERA BREAD #606104 O 480-707-6090 AZ Date 04/23/25 24692165113104021233109 5814 %% MCC 5814,Panera Bread,Restaurants,-$4.11,,,,
Arizona Federal Debit Card,4/22/2025,PANERA BREAD #606104 O 480-707-6090 AZ Date 04/22/25 24692165112103155213623 5814 %% MCC 5814,Panera Bread,Restaurants,-$4.11,,,,
Chase Amazon Credit Card,4/22/2025,YouTube Premium,YouTube Premium,Subscriptions - Apps,$15.11,,,,
Arizona Federal Debit Card,4/21/2025,BLUEWATER BOATHOUSE SE 602-2773474 AZ Date 04/20/25 24540455111222100071512 5812 %% MCC 5812,Bluewater Boathouse,Restaurants,-$94.19,,,,
Arizona Federal Debit Card,4/21/2025,CLEAN MACHINE CAR WASH 602-900-1731 AZ Date 04/20/25 24801975111313615780035 7542 %% MCC 7542,Clean Machine Car Wash,Auto - Repairs & Maintenance,-$34.95,,,,
Arizona Federal Debit Card,4/21/2025,TYPE: EPAY  ID: 5760039224 CO: CHASE CREDIT CRD  NAME: TRAVIS BALTHES %% ACH ECC WEB %% ACH Trace 021000021276797,Chase Credit Card,Credit Card Payment,-$995.00,,,,
Arizona Federal Debit Card,4/21/2025,TYPE: SPEEDPAY  ID: 9282505000 CO: LumenCenturyLink %% ACH ECC PPD %% ACH Trace 021000026985292,Lumen CenturyLink,Internet,-$65.00,,,,
Arizona Federal Debit Card,4/21/2025,QT 1441 INSIDE PHOENIX AZ Date 04/20/25 24692165111102647950660 5541 %% MCC 5541,QuikTrip,Convenience Stores,-$5.73,,,,
Arizona Federal Debit Card,4/20/2025,QT 1418 INSIDE SCOTTSDALE AZ Date 04/19/25 24692165110101918133197 5541 %% MCC 5541,QuikTrip,Convenience Stores,-$6.70,,,,
Arizona Federal Debit Card,4/20/2025,DESERTBOTANICALGARDEN 148-09411225 AZ Date 04/19/25 24000775110100007770169 8398 %% MCC 8398,Desert Botanical Garden,Hobbies,-$34.95,,,,
Arizona Federal Debit Card,4/20/2025,SQ *GREEN TEMPE TEMPE AZ Date 04/19/25 24692165110101384052061 5814 %% MCC 5814,Square,Restaurants,-$25.60,,,,
Chase Amazon Credit Card,4/20/2025,Amazon . com,Amazon . com,Shopping,-$21.59,,,,
Chase Amazon Credit Card,4/20/2025,Amazon . com,Amazon . com,Shopping,-$22.84,,,,
Chase Amazon Credit Card,4/20/2025,Joe Schmoe Videos . com ,Joe Schmoe Videos . com ,Adult Entertainment,-$39.87,,,,
Chase Amazon Credit Card,4/20/2025,Joe Schmoe Videos . com ,Joe Schmoe Videos . com ,Adult Entertainment,-$39.87,,,,
Chase Amazon Credit Card,4/20/2025,Joe Schmoe Videos . com ,Joe Schmoe Videos . com ,Adult Entertainment,-$39.87,,,,
Chase Amazon Credit Card,4/20/2025,Joe Schmoe Videos . com ,Joe Schmoe Videos . com ,Adult Entertainment,-$39.87,,,,
Chase Amazon Credit Card,4/20/2025,Joe Schmoe Videos . com ,Joe Schmoe Videos . com ,Adult Entertainment,-$39.87,,,,
Chase Amazon Credit Card,4/20/2025,Joe Schmoe Videos . com ,Joe Schmoe Videos . com ,Adult Entertainment,-$39.87,,,,
Arizona Federal Debit Card,4/19/2025,QT 1408 PHOENIX AZ Date 04/18/25 24692165109101057019994 5541 %% MCC 5541,QuikTrip,Convenience Stores,-$6.58,,,,
Arizona Federal Debit Card,4/19/2025,PANERA BREAD #606104 O 480-707-6090 AZ Date 04/19/25 24692165109100716886587 5814 %% MCC 5814,Panera Bread,Restaurants,-$4.11,,,,
Arizona Federal Debit Card,4/19/2025,SP FSGPRINTS FSGPRINTS.COM TX Date 04/19/25 24492165109100021887744 5691 %% MCC 5691,FSG Prints,Shopping,-$31.31,,,,
Arizona Federal Debit Card,4/18/2025,QT 1408 OUTSIDE PHOENIX AZ %% MCC 5542,QuikTrip,Gas & Fuel,-$40.16,,,,
Arizona Federal Debit Card,4/18/2025,PANERA BREAD #606104 O 480-707-6090 AZ Date 04/18/25 24692165108109771600792 5814 %% MCC 5814,Panera Bread,Restaurants,-$4.11,,,,
Chase Amazon Credit Card,4/18/2025,Payment Thank You - Web,Payment Thank You - Web,Credit Card Payment,$995.00,,,,
Arizona Federal Debit Card,4/17/2025,PANERA BREAD #606104 O 480-707-6090 AZ Date 04/17/25 24692165107108846791983 5814 %% MCC 5814,Panera Bread,Restaurants,-$4.11,,,,
Arizona Federal Debit Card,4/17/2025,Netflix.com 408-5403700 CA Date 04/17/25 24204295107002241786076 4899 %% MCC 4899,Netflix,Subscriptions - Streaming Services,-$19.54,,,,
Arizona Federal Debit Card,4/16/2025,TYPE: INS PREM  ID: 9409348096 DATA: BRANCH05DEBIT  ACH CO: PROG PREFERRED %% ACH ECC PPD %% ACH Trace 021000023277757,Progressive Insurance,Insurance - Vehicle,-$181.01,,,,
Arizona Federal Debit Card,4/16/2025,ELEMENTS MASSAGEPHOENIX 480-4326524 AZ Date 04/15/25 24275395105900012126162 8099 %% MCC 8099,Elements Massage,Health & Wellness - Massage,-$119.00,,,,
Arizona Federal Debit Card,4/15/2025,aliexpress 408-7855580 CA Date 04/16/25 24204295106000023149043 5310 %% MCC 5310,AliExpress,Hobbies,-$4.85,,,,
Arizona Federal Debit Card,4/15/2025,aliexpress 408-7855580 CA Date 04/16/25 24204295106000018412034 5311 %% MCC 5311,AliExpress,Hobbies,-$22.06,,,,
Arizona Federal Debit Card,4/15/2025,Walmart.com Bentonville AR %% MCC 5310,Walmart,Groceries,-$103.24,,,,
Arizona Federal Debit Card,4/15/2025,PANERA BREAD #606104 O 480-707-6090 AZ Date 04/15/25 24692165105107060904225 5814 %% MCC 5814,Panera Bread,Restaurants,-$3.90,,,,
Arizona Federal Debit Card,4/14/2025,GOOGLE *Spotify g.co/helppay# CA Date 04/14/25 24692165104106782343986 5734 %% MCC 5734,Spotify,Subscriptions - Streaming Services,-$12.95,,,,
Arizona Federal Debit Card,4/14/2025,TYPE: PAYMENT  ID: 4866000256 CO: CITY PHX WATER %% ACH ECC PPD %% ACH Trace 021000020532405,Phoenix Water Services,Utilities - Water,-$59.98,,,,
Arizona Federal Debit Card,4/14/2025,TYPE: Payroll  ID: 1730383055 CO: MIDFIRST BANK %% ACH ECC PPD %% ACH Trace 303087999649703,MidFirst Bank,Paycheck,,2844.42,,,
Arizona Federal Debit Card,4/14/2025,PANERA BREAD #606104 O 480-707-6090 AZ Date 04/14/25 24692165104106177854308 5814 %% MCC 5814,Panera Bread,Restaurants,-$8.45,,,,
Arizona Federal Debit Card,4/14/2025,PANERA SIP CLUB 606104 480-707-6090 AZ Date 04/14/25 24692165104106177854068 5814 %% MCC 5814,Panera Bread,Restaurants,-$6.51,,,,
Arizona Federal Debit Card,4/14/2025,Withdrawal Transfer To Loan 0302,AZFCU,Car Payment,-$342.80,,,,
Arizona Federal Debit Card,4/13/2025,NST THE HOME DEPOT 001284 3609 EAST THOMAS RD PHOENIX AZ %% MCC 5200,The Home Depot,Home Improvement,-$37.96,,,,
Arizona Federal Debit Card,4/13/2025,PANERA BREAD #606104 O 480-707-6090 AZ Date 04/13/25 24692165103105317873039 5814 %% MCC 5814,Panera Bread,Restaurants,-$8.45,,,,
Arizona Federal Debit Card,4/12/2025,PANERA BREAD #606104 O 480-707-6090 AZ Date 04/12/25 24692165102104382883107 5814 %% MCC 5814,Panera Bread,Restaurants,-$8.45,,,,
Chase Amazon Credit Card,4/12/2025,Amazon . com,Amazon . com,Shopping,-$64.95,,,,
Chase Amazon Credit Card,4/12/2025,Amazon . com,Amazon . com,Shopping,-$26.39,,,,
Chase Amazon Credit Card,4/12/2025,Amazon . com,Amazon . com,Shopping,-$19.33,,,,
Arizona Federal Debit Card,4/11/2025,TYPE: TAXPAYMENT  ID: 0000408976 DATA: 602-506-8511  CO: MARICOPA COUNTY NAME: TRAVIS  *BALTHES %% ACH ECC WEB %% ACH Trace 021000024031751,Maricopa County,Mortgage - Taxes,-$932.18,,,,
Arizona Federal Debit Card,4/11/2025,PANERA BREAD #606104 O 480-707-6090 AZ Date 04/11/25 24692165101103731599944 5814 %% MCC 5814,Panera Bread,Restaurants,-$3.90,,,,
Arizona Federal Debit Card,4/10/2025,STUBHUB INC 866-788-2482 CA Date 04/10/25 24036295100714923955834 7922 %% MCC 7922,StubHub Inc.,Hobbies,-$74.03,,,,
Arizona Federal Debit Card,4/10/2025,PANERA BREAD #606104 O 480-707-6090 AZ Date 04/10/25 24692165100102514909594 5814 %% MCC 5814,Panera Bread,Restaurants,-$8.45,,,,
Arizona Federal Debit Card,4/9/2025,TYPE: AUTOPAY  ID: 4760039224 CO: CHASE CREDIT CRD %% ACH ECC PPD %% ACH Trace 021000026679163,Chase Credit Card,Credit Card Payment,-$351.72,,,,
Arizona Federal Debit Card,4/9/2025,GOOGLE *Google One 855-836-3987 CA Date 04/09/25 24692165099101769218274 4899 %% MCC 4899,Google One,Subscriptions - Apps,-$21.60,,,,
Arizona Federal Debit Card,4/9/2025,PANERA BREAD #606104 O 480-707-6090 AZ Date 04/09/25 24692165099101646270928 5814 %% MCC 5814,Panera Bread,Restaurants,-$8.45,,,,
Chase Amazon Credit Card,4/9/2025,REBILL-WESTBILL.COM,REBILL-WESTBILL.COM,Adult Entertainment,$39.87,,,,
Chase Amazon Credit Card,4/9/2025,REBILL-WESTBILL.COM,REBILL-WESTBILL.COM,Adult Entertainment,$39.87,,,,
Chase Amazon Credit Card,4/9/2025,Joe Schmoe Videos . com ,Joe Schmoe Videos . com ,Adult Entertainment,-$39.87,,,,
Chase Amazon Credit Card,4/9/2025,Joe Schmoe Videos . com ,Joe Schmoe Videos . com ,Adult Entertainment,-$39.87,,,,
Arizona Federal Debit Card,4/8/2025,PANERA BREAD #606104 O 480-707-6090 AZ Date 04/08/25 24692165098100786316138 5814 %% MCC 5814,Panera Bread,Restaurants,-$3.90,,,,
Arizona Federal Debit Card,4/8/2025,WATER N ICE PHOENIX AZ Date 04/07/25 24013395097001664511335 5499 %% MCC 5499,Water and Ice,Water,-$7.20,,,,
Arizona Federal Debit Card,4/8/2025,EYECARE PLUS SCOTTSDALE AZ Date 04/07/25 24247605098500733556824 8042 %% MCC 8042,Eyecare Plus,Health & Wellness - Eyecare,-$132.99,,,,
Arizona Federal Debit Card,4/7/2025,ADOBE *ADOBE 408-536-6000 CA Date 04/07/25 24036295097716523728771 5734 %% MCC 5734,Adobe,Subscriptions - Apps,-$17.37,,,,
Arizona Federal Debit Card,4/7/2025,GOOGLE *Telegram 855-836-3987 CA Date 04/07/25 24692165097109979118384 4899 %% MCC 4899,Telegram,Subscriptions - Apps,-$5.39,,,,
Arizona Federal Debit Card,4/7/2025,PANERA BREAD #606104 O 480-707-6090 AZ Date 04/07/25 24692165097109916398669 5814 %% MCC 5814,Panera Bread,Restaurants,-$8.45,,,,
Arizona Federal Debit Card,4/6/2025,QT 1408 PHOENIX AZ Date 04/05/25 24692165096109403563859 5541 %% MCC 5541,QuikTrip,Convenience Stores,-$5.42,,,,
Arizona Federal Debit Card,4/6/2025,WALGREENS #4506 800-289-2273 AZ Date 04/05/25 24445005096000765074668 5912 %% MCC 5912,Walgreens,Health & Wellness - Pharmacy,-$15.00,,,,
Arizona Federal Debit Card,4/5/2025,QT 1408 OUTSIDE PHOENIX AZ %% MCC 5542,QuikTrip,Gas & Fuel,-$36.15,,,,
Arizona Federal Debit Card,4/5/2025,QT 497 PHOENIX AZ Date 04/04/25 24692165095108532058881 5541 %% MCC 5541,QuikTrip,Convenience Stores,-$9.93,,,,
Arizona Federal Debit Card,4/5/2025,PANERA BREAD #606104 O 480-707-6090 AZ Date 04/05/25 24692165095108205851885 5814 %% MCC 5814,Panera Bread,Restaurants,-$8.45,,,,
Arizona Federal Debit Card,4/5/2025,SUNNYSIDE SMOKE & VAPE PHOENIX AZ Date 04/04/25 24055225095295749698980 5993 %% MCC 5993,Sunnyside Smoke & Vape,Kratom,-$80.34,,,,
Arizona Federal Debit Card,4/4/2025,Zelle Tom Pfeiffer 602-683-1000 Ref:509400G0GSUS,Zelle,Financial,-$70.00,,,,
Arizona Federal Debit Card,4/4/2025,SQ *DIRECT2RECOVERY 877-417-4551 AZ Date 04/04/25 24692165094107766070647 8099 %% MCC 8099,Direct2Recovery,Health & Wellness - Doctor,-$145.00,,,,
Arizona Federal Debit Card,4/4/2025,TYPE: Payment  ID: 9864031004  CO: ATT %% ACH ECC PPD %% ACH Trace 031100204206374,AT&T,Cell Phone,-$97.00,,,,
Arizona Federal Debit Card,4/4/2025,PANERA BREAD #606104 O 480-707-6090 AZ Date 04/04/25 24692165094107520634050 5814 %% MCC 5814,Panera Bread,Restaurants,-$8.45,,,,
Arizona Federal Debit Card,4/3/2025,TYPE: CPC-CLIENT  ID: 9000313004 CO: STATE FARM RO 27 %% ACH ECC PPD %% ACH Trace 021000027576510,State Farm,Insurance - Home Owners,-$92.08,,,,
Arizona Federal Debit Card,4/3/2025,PANERA BREAD #606104 O 480-707-6090 AZ Date 04/03/25 24692165093106336283665 5814 %% MCC 5814,Panera Bread,Restaurants,-$3.90,,,,
Arizona Federal Debit Card,4/3/2025,Walmart.com Bentonville AR %% MCC 5310,Walmart,Groceries,-$133.51,,,,
Arizona Federal Debit Card,4/3/2025,SUNNYSIDE SMOKE & VAPE PHOENIX AZ Date 04/02/25 24055225093293550520635 5993 %% MCC 5993,Sunnyside Smoke & Vape,Kratom,-$80.34,,,,
Arizona Federal Debit Card,4/2/2025,WMT PLUS APR 2025 WALMART.COM AR Date 04/02/25 24055235092293280085362 5968 %% MCC 5968,Walmart Plus,Subscriptions - Apps,-$14.06,,,,
Arizona Federal Debit Card,4/2/2025,TYPE: CASH  ID: 1262049351  CO: PENNYMAC NAME: Travis C Balthes %% ACH ECC WEB %% ACH Trace 021000024424768,PennyMac,Mortgage,"-$1,107.55",,,,
Arizona Federal Debit Card,4/2/2025,PANERA BREAD #606104 O 480-707-6090 AZ Date 04/02/25 24692165092105710184193 5814 %% MCC 5814,Panera Bread,Restaurants,-$3.90,,,,
Arizona Federal Debit Card,4/2/2025,GLAM C2504026 925-900-0114 WY Date 04/02/25 24430995092293111432457 5999 %% MCC 5999,Glam Cosmetics,Personal Care,-$346.40,,,,
Arizona Federal Debit Card,4/1/2025,UBER *EATS HELP.UBER.COM CA Date 04/01/25 24036295091716420770559 5812 %% MCC 5812,Uber Eats,Food Delivery,-$35.46,,,,
Arizona Federal Debit Card,4/1/2025,PANERA BREAD #606104 O 480-707-6090 AZ Date 04/01/25 24692165091104710917141 5814 %% MCC 5814,Panera Bread,Restaurants,-$3.90,,,,
Arizona Federal Debit Card,4/1/2025,SUNNYSIDE SMOKE & VAPE PHOENIX AZ Date 03/31/25 24055225091291398454951 5993 %% MCC 5993,Sunnyside Smoke & Vape,Kratom,-$80.34,,,,
Arizona Federal Debit Card,4/1/2025,BULK7OH 321-3618502 FL Date 03/31/25 24398025090900010079324 5499 %% MCC 5499,Bulk 7OH,Kratom,-$66.33,,,,
Arizona Federal Debit Card,3/31/2025,"%% APY Earned  0.12% 03/01/25 to 03/31/25 %% APYE Avg Daily Bal           17,782.02",Interest Income,Interest,,1.81,,,
Arizona Federal Debit Card,3/31/2025,ARCO #42283 AMPM 2902 N 16TH S US PHOENIX AZ %% MCC 5541,Arco,Gas & Fuel,-$11.71,,,,
Arizona Federal Debit Card,3/31/2025,TST* WETZEL'S PRETZELS SCOTTSDALE AZ Date 03/31/25 24137465090100257258533 5812 %% MCC 5812,Wetzel's Pretzels,Restaurants,-$7.98,,,,
Arizona Federal Debit Card,3/31/2025,PANERA BREAD #606104 O 480-707-6090 AZ Date 03/31/25 24692165090103658629628 5814 %% MCC 5814,Panera Bread,Restaurants,-$8.45,,,,
Arizona Federal Debit Card,3/31/2025,ENERGY SPA SCOTTSDALE AZ Date 03/30/25 24275395089900011500227 7298 %% MCC 7298,Energy Spa,Health & Wellness - Massage,-$88.00,,,,
Arizona Federal Debit Card,3/31/2025,TYPE: Payroll  ID: 1730383055 CO: MIDFIRST BANK %% ACH ECC PPD %% ACH Trace 303087993488007,MidFirst Bank,Paycheck,,3068.51,,9750,
Arizona Federal Debit Card,3/30/2025,PANERA BREAD #606104 O 480-707-6090 AZ Date 03/30/25 24692165089102835644859 5814 %% MCC 5814,Panera Bread,Restaurants,-$8.45,,,,
Arizona Federal Debit Card,3/30/2025,UBER *EATS HELP.UBER.COM CA Date 03/30/25 24036295089714067586416 5812 %% MCC 5812,Uber Eats,Food Delivery,-$43.46,,,,
Arizona Federal Debit Card,3/30/2025,SUNNYSIDE SMOKE & VAPE PHOENIX AZ Date 03/29/25 24055225089289331615807 5993 %% MCC 5993,Sunnyside Smoke & Vape,Kratom,-$84.32,,,,
Arizona Federal Debit Card,3/29/2025,PANERA BREAD #606104 P PHOENIX AZ Date 03/28/25 24692165088101916758670 5814 %% MCC 5814,Panera Bread,Restaurants,-$4.22,,,,
Arizona Federal Debit Card,3/28/2025,QT 435 PHOENIX AZ Date 03/27/25 24692165087101292928179 5541 %% MCC 5541,QuikTrip,Convenience Stores,-$8.57,,,,
Arizona Federal Debit Card,3/28/2025,BURGER KING #4105 PHOENIX AZ Date 03/26/25 24941445086037369275449 5814 %% MCC 5814,Burger King,Restaurants,-$14.54,,,,
Arizona Federal Debit Card,3/27/2025,QT 435 PHOENIX AZ Date 03/26/25 24692165086100348669796 5541 %% MCC 5541,QuikTrip,Convenience Stores,-$4.98,,,,
Arizona Federal Debit Card,3/26/2025,TYPE: PAYMENTS  ID: 1860011170 CO: APS electric pmt %% ACH ECC PPD %% ACH Trace 021000023864921,Arizona Public Service (APS),Utilities - Electricity,-$243.52,,,,
Arizona Federal Debit Card,3/26/2025,TYPE: BILLPAY  ID: 4880085720 CO: SOUTHWEST GAS %% ACH ECC PPD %% ACH Trace 042000011069350,Southwest Gas,Utilities - Gas,-$69.25,,,,
Arizona Federal Debit Card,3/24/2025,"TYPE: WEB PYMT  ID: 5911111111 CO: CARDMEMBER SERV NAME: BALTHES,TRAVIS C    62 %% ACH ECC WEB %% ACH Trace 042000019715424",Cardmember Services,Personal Care,-$108.00,,,,
Arizona Federal Debit Card,3/24/2025,QT 1418 INSIDE SCOTTSDALE AZ Date 03/23/25 24692165083107724880742 5541 %% MCC 5541,QuikTrip,Convenience Stores,-$6.51,,,,
Arizona Federal Debit Card,3/23/2025,SQ *BERRY DIVINE ACAI B Tempe AZ Date 03/23/25 24692165082107197189259 5499 %% MCC 5499,Berry Divine Acai Bowls,Restaurants,-$12.97,,,,
Arizona Federal Debit Card,3/23/2025,WWW.PERPLEXITY.AI WWW.PERPLEXIT CA Date 03/23/25 24492165083100004018754 5815 %% MCC 5815,Perplexity AI,Subscriptions - Apps,-$21.72,,,,
Arizona Federal Debit Card,3/23/2025,QT 1418 OUTSIDE SCOTTSDALE AZ %% MCC 5542,QuikTrip,Gas & Fuel,-$46.10,,,,
Arizona Federal Debit Card,3/23/2025,UBER *EATS HELP.UBER.COM CA Date 03/23/25 24036295082718887785840 5812 %% MCC 5812,Uber Eats,Food Delivery,-$31.78,,,,
Arizona Federal Debit Card,3/21/2025,CLEAN MACHINE CAR WASH 602-900-1731 AZ Date 03/20/25 24801975080280394807031 7542 %% MCC 7542,Clean Machine Car Wash,Auto - Repairs & Maintenance,-$34.95,,,,
Arizona Federal Debit Card,3/21/2025,WATER N ICE PHOENIX AZ Date 03/20/25 24013395079004369511917 5499 %% MCC 5499,Water and Ice,Water,-$6.75,,,,
Arizona Federal Debit Card,3/20/2025,TYPE: RX PAYMENT  ID: 3223461740 CO: EXPRESS SCRIPTS %% ACH ECC PPD %% ACH Trace 021000029557478,Express Scripts,Health & Wellness - Pharmacy,-$50.96,,,,
Arizona Federal Debit Card,3/19/2025,TYPE: SPEEDPAY  ID: 9282505000 CO: LumenCenturyLink %% ACH ECC PPD %% ACH Trace 021000020896655,Lumen CenturyLink,Internet,-$65.00,,,,
Arizona Federal Debit Card,3/19/2025,BULK7OH 321-3618502 FL Date 03/18/25 24398025077900016130649 5499 %% MCC 5499,Bulk 7OH,Kratom,-$71.06,,,,
Arizona Federal Debit Card,3/18/2025,TYPE: INS PREM  ID: 9409348096 DATA: BRANCH05DEBIT  ACH CO: PROG PREFERRED %% ACH ECC PPD %% ACH Trace 021000026943372,Progressive Insurance,Insurance - Vehicle,-$181.01,,,,
Arizona Federal Debit Card,3/18/2025,PAYPAL *116704990 Visa Direct CA Date 03/18/25 04248185077937235372358 4829 %% MCC 4829,PayPal,Financial,-$225.00,,,,
Arizona Federal Debit Card,3/17/2025,TYPE: PAYMENT  ID: 4866000256 CO: CITY PHX WATER %% ACH ECC PPD %% ACH Trace 021000024170106,City of Phoenix Water Services,Utilities - Water,-$59.22,,,,
Arizona Federal Debit Card,3/17/2025,TYPE: PAYMENT  ID: 3264681992  CO: VENMO NAME: TRAVIS CHRISTOPHER %% ACH ECC WEB %% ACH Trace 091000015674642,Venmo,Financial,-$48.00,,,,
Arizona Federal Debit Card,3/17/2025,ELEMENTS MASSAGEPHOENIX 480-4326524 AZ Date 03/16/25 24275395076900019159609 8099 %% MCC 8099,Elements Massage,Health & Wellness - Massage,-$155.00,,,,
Arizona Federal Debit Card,3/17/2025,Netflix.com 866-5797172 CA Date 03/17/25 24906415076224569311418 4899 %% MCC 4899,Netflix,Subscriptions - Streaming Services,-$19.54,,,,
Arizona Federal Debit Card,3/17/2025,MCDONALD'S F20697 PHOENIX AZ Date 03/16/25 24427335075730258882437 5814 %% MCC 5814,McDonald's,Restaurants,-$9.75,,,,
Arizona Federal Debit Card,3/15/2025,TST*THAI RECIPE BISTRO 602-262-5454 AZ Date 03/15/25 24692165074102839626842 5812 %% MCC 5812,Thai Recipe Bistro,Restaurants,-$61.08,,,,
Arizona Federal Debit Card,3/14/2025,GOOGLE *Spotify g.co/helppay# CA Date 03/14/25 24692165073102151360070 5734 %% MCC 5734,Spotify,Subscriptions - Streaming Services,-$12.95,,,,
Arizona Federal Debit Card,3/14/2025,Withdrawal Transfer To Loan 0303,AZFCU,Car Payment,-$342.80,,,,
Arizona Federal Debit Card,3/14/2025,MCDONALD'S F20697 PHOENIX AZ Date 03/13/25 24427335072730266325455 5814 %% MCC 5814,McDonald's,Restaurants,-$10.74,,,,
Arizona Federal Debit Card,3/12/2025,TYPE: Payroll  ID: 1730383055 CO: MIDFIRST BANK %% ACH ECC PPD %% ACH Trace 303087990355388,MidFirst Bank,Paycheck,,6491.37,,4875,
Arizona Federal Debit Card,3/12/2025,TYPE: Payroll  ID: 1730383055 CO: MIDFIRST BANK %% ACH ECC PPD %% ACH Trace 303087990355387,MidFirst Bank,Paycheck,,3068.49,,0.1306666667,
Arizona Federal Debit Card,3/12/2025,Walmart.com Bentonville AR %% MCC 5310,Walmart,Groceries,-$82.56,,,,
Chase Amazon Credit Card,3/11/2025,Panera Bread,Panera Bread,Restaurants,-$3.90,,,,
Arizona Federal Debit Card,3/10/2025,TYPE: AUTOPAY  ID: 4760039224 CO: CHASE CREDIT CRD %% ACH ECC PPD %% ACH Trace 021000022177536,Chase Credit Card,Credit Card Payment,-$643.51,,,,
Arizona Federal Debit Card,3/10/2025,QT 1441 INSIDE PHOENIX AZ Date 03/09/25 24692165069108436375961 5541 %% MCC 5541,QuikTrip,Convenience Stores,-$4.58,,,,
Arizona Federal Debit Card,3/9/2025,GOOGLE *Google One 855-836-3987 CA Date 03/09/25 24692165068107382188213 5816 %% MCC 5816,Google One,Subscriptions - Apps,-$21.60,,,,
Arizona Federal Debit Card,3/9/2025,WALGREENS #4506 800-289-2273 AZ Date 03/08/25 24445005068000782459904 5912 %% MCC 5912,Walgreens,Health & Wellness - Pharmacy,-$15.00,,,,
Chase Amazon Credit Card,3/8/2025,Amazon . com,Amazon . com,Shopping,-$106.90,,,,
Arizona Federal Debit Card,3/7/2025,ADOBE *ADOBE 408-536-6000 CA Date 03/07/25 24036295066716359728314 5734 %% MCC 5734,Adobe,Subscriptions - Apps,-$17.37,,,,
Arizona Federal Debit Card,3/7/2025,QT 425 PHOENIX AZ Date 03/06/25 24692165066105743313613 5541 %% MCC 5541,QuikTrip,Convenience Stores,-$13.43,,,,
Arizona Federal Debit Card,3/7/2025,GOOGLE *Telegram 855-836-3987 CA Date 03/07/25 24692165066105460973615 5818 %% MCC 5818,Telegram,Subscriptions - Apps,-$5.39,,,,
Arizona Federal Debit Card,3/7/2025,SUNNYSIDE SMOKE & VAPE PHOENIX AZ Date 03/06/25 24055225066264688500529 5993 %% MCC 5993,Sunnyside Smoke & Vape,Kratom,-$43.43,,,,
Chase Amazon Credit Card,3/7/2025,Amazon . com,Amazon . com,Shopping,-$43.42,,,,
Chase Amazon Credit Card,3/7/2025,AUTOMATIC PAYMENT - THANK YOU,AUTOMATIC PAYMENT - THANK YOU,Credit Card Payment,$643.51,,,,
Chase Amazon Credit Card,3/7/2025,Panera Bread,Panera Bread,Restaurants,-$3.90,,,,
Chase Amazon Credit Card,3/7/2025,PlayStation Network ,PlayStation Network ,Subscriptions - Streaming Services,-$21.60,,,,
Arizona Federal Debit Card,3/6/2025,SQ *DIRECT2RECOVERY Phoenix AZ Date 03/06/25 24692165065105220800679 8099 %% MCC 8099,Direct2Recovery,Health & Wellness - Doctor,-$10.00,,,,
Chase Amazon Credit Card,3/6/2025,Panera Bread,Panera Bread,Restaurants,-$3.90,,,,
Arizona Federal Debit Card,3/4/2025,TYPE: Payment  ID: 9864031004  CO: ATT %% ACH ECC PPD %% ACH Trace 031100200151181,AT&T,Cell Phone,-$97.00,,,,
Arizona Federal Debit Card,3/4/2025,TYPE: CPC-CLIENT  ID: 9000313004 CO: STATE FARM RO 27 %% ACH ECC PPD %% ACH Trace 021000029984449,State Farm,Insurance - Home Owners,-$92.08,,,,
Arizona Federal Debit Card,3/4/2025,Walmart.com Bentonville AR %% MCC 5310,Walmart,Groceries,-$105.20,,,,
Arizona Federal Debit Card,3/4/2025,LITERALLYJUSTAGIRL SOCIALSBYLOVI TX Date 03/04/25 24064665063500006595546 5815 %% MCC 5815,Literallyjustagirl Socialsbylovi TX,Miscellaneous,-$23.99,,,,
Arizona Federal Debit Card,3/3/2025,TYPE: CASH  ID: 1262049351  CO: PENNYMAC NAME: Travis C Balthes %% ACH ECC WEB %% ACH Trace 021000022931541,PennyMac,Mortgage,"-$1,107.55",,,,
Arizona Federal Debit Card,3/3/2025,Visa International Service Assessment Date 03/02/25 %% MCC 5967,Visa International Service Assessment,Travel,-$0.03,,,,
Arizona Federal Debit Card,3/3/2025,DEUSCOM-LPP.C+ BOULOGNE-BILL FR Date 03/02/25 74975925062611332077109 5967 %% MCC 5967,Deuscom,Internet,-$1.00,,,,
Arizona Federal Debit Card,3/3/2025,QT 440 PHOENIX AZ Date 03/01/25 24692165061101560562015 5541 %% MCC 5541,QuikTrip,Convenience Stores,-$14.65,,,,
Arizona Federal Debit Card,3/2/2025,WMT PLUS MAR 2025 WALMART.COM AR Date 03/02/25 24055235061260264229982 5968 %% MCC 5968,Walmart Plus,Subscriptions - Apps,-$14.06,,,,
Arizona Federal Debit Card,3/2/2025,NYPD PIZZA 7TH AVE PHOENIX AZ Date 03/01/25 24269795061001019629000 5812 %% MCC 5812,NYPD Pizza,Restaurants,-$33.62,,,,
Chase Amazon Credit Card,3/2/2025,Panera Bread,Panera Bread,Restaurants,-$3.90,,,,
Arizona Federal Debit Card,3/1/2025,QT 440 OUTSIDE PHOENIX AZ %% MCC 5542,QuikTrip,Gas & Fuel,-$40.20,,,,
Arizona Federal Debit Card,3/1/2025,Arizona Financial Credit Remote Deposit #213920592 US,Arizona Financial Credit Union,Financial,,30,,,
Chase Amazon Credit Card,3/1/2025,Google Cloud Services,Google Cloud Services,Hobbies,-$0.03,,,,
Chase Amazon Credit Card,3/1/2025,Google Cloud Services,Google Cloud Services,Hobbies,-$0.01,,,,
Chase Amazon Credit Card,3/1/2025,PlayStation Network ,PlayStation Network ,Subscriptions - Streaming Services,-$10.79,,,,
Chase Amazon Credit Card,3/1/2025,PlayStation Network ,PlayStation Network ,Subscriptions - Streaming Services,-$8.09,,,,
Arizona Federal Debit Card,2/28/2025,"%% APY Earned  0.12% 02/01/25 to 02/28/25 %% APYE Avg Daily Bal           12,441.69",Interest Income,Interest,,1.15,,,
Arizona Federal Debit Card,2/28/2025,QT 425 PHOENIX AZ Date 02/27/25 24692165059109261746617 5541 %% MCC 5541,QuikTrip,Convenience Stores,-$18.89,,,,
Arizona Federal Debit Card,2/28/2025,SUNNYSIDE SMOKE & VAPE PHOENIX AZ Date 02/27/25 24055225059257233514077 5993 %% MCC 5993,Sunnyside Smoke & Vape,Kratom,-$43.43,,,,
Chase Amazon Credit Card,2/28/2025,Amazon . com,Amazon . com,Shopping,-$3.25,,,,
Chase Amazon Credit Card,2/28/2025,Panera Bread,Panera Bread,Restaurants,-$3.90,,,,
Arizona Federal Debit Card,2/27/2025,QT 435 PHOENIX AZ Date 02/26/25 24692165058108222905941 5541 %% MCC 5541,QuikTrip,Convenience Stores,-$7.95,,,,
Arizona Federal Debit Card,2/27/2025,UBER *EATS HELP.UBER.COM CA Date 02/27/25 24036295058744893026292 5812 %% MCC 5812,Uber Eats,Food Delivery,-$25.95,,,,
Chase Amazon Credit Card,2/27/2025,Panera Bread,Panera Bread,Restaurants,-$3.90,,,,
Arizona Federal Debit Card,2/26/2025,TYPE: PAYMENTS  ID: 1860011170 CO: APS electric pmt %% ACH ECC PPD %% ACH Trace 021000024055251,Arizona Public Service (APS),Utilities - Electricity,-$243.52,,,,
Arizona Federal Debit Card,2/26/2025,TYPE: Payroll  ID: 1730383055 CO: MIDFIRST BANK %% ACH ECC PPD %% ACH Trace 303087991481136,MidFirst Bank,Paycheck,,2991.11,,57346.22,
Arizona Federal Debit Card,2/26/2025,QT 1441 INSIDE PHOENIX AZ Date 02/25/25 24692165057107356502194 5541 %% MCC 5541,QuikTrip,Convenience Stores,-$9.02,,,,
Chase Amazon Credit Card,2/26/2025,Audible,Audible,Subscriptions - Apps,-$16.24,,,,
Chase Amazon Credit Card,2/26/2025,PlayStation Network ,PlayStation Network ,Subscriptions - Streaming Services,-$12.95,,,,
Arizona Federal Debit Card,2/25/2025,TYPE: BILLPAY  ID: 4880085720 CO: SOUTHWEST GAS %% ACH ECC PPD %% ACH Trace 042000011647624,Southwest Gas,Utilities - Gas,-$155.38,,,,
Arizona Federal Debit Card,2/25/2025,QT 435 PHOENIX AZ Date 02/24/25 24692165056106508674266 5541 %% MCC 5541,QuikTrip,Convenience Stores,-$7.57,,,,
Arizona Federal Debit Card,2/25/2025,BULK7OH 321-3618502 FL Date 02/24/25 24398025055900019577149 5499 %% MCC 5499,Bulk 7OH,Kratom,-$183.60,,,,
Chase Amazon Credit Card,2/25/2025,Panera Bread,Panera Bread,Restaurants,-$3.90,,,,
Arizona Federal Debit Card,2/24/2025,"TYPE: WEB PYMT  ID: 5911111111 CO: CARDMEMBER SERV NAME: BALTHES,TRAVIS C    61 %% ACH ECC WEB %% ACH Trace 042000010021908",Cardmember Services,Personal Care,-$107.00,,,,
Arizona Federal Debit Card,2/23/2025,WWW.PERPLEXITY.AI WWW.PERPLEXIT CA Date 02/23/25 24492165055500003347597 5815 %% MCC 5815,Perplexity AI,Subscriptions - Apps,-$21.72,,,,
Arizona Federal Debit Card,2/23/2025,FILIBERTOS (APACHE TRAI APACHE JUNCTI AZ Date 02/22/25 24801975054252310776345 5814 %% MCC 5814,Filibertos,Restaurants,-$18.52,,,,
Arizona Federal Debit Card,2/22/2025,Superstition Mountain Mus Apache Juncti AZ %% MCC 5947,Superstition Mountain Museum,Hobbies,-$3.21,,,,
Chase Amazon Credit Card,2/22/2025,Amazon . com,Amazon . com,Shopping,-$17.51,,,,
Chase Amazon Credit Card,2/22/2025,YouTube Premium,YouTube Premium,Subscriptions - Apps,-$15.11,,,,
Arizona Federal Debit Card,2/21/2025,CLEAN MACHINE CAR WASH 602-900-1731 AZ Date 02/20/25 24801975052250775721782 7542 %% MCC 7542,Clean Machine Car Wash,Auto - Repairs & Maintenance,-$34.95,,,,
Chase Amazon Credit Card,2/21/2025,Panera Bread,Panera Bread,Restaurants,-$3.90,,,,
Arizona Federal Debit Card,2/20/2025,Walmart.com Bentonville AR %% MCC 5310,Walmart,Groceries,-$63.42,,,,
Chase Amazon Credit Card,2/20/2025,Panera Bread,Panera Bread,Restaurants,-$3.90,,,,
Arizona Federal Debit Card,2/19/2025,TYPE: SPEEDPAY  ID: 9282505000 CO: LumenCenturyLink %% ACH ECC PPD %% ACH Trace 021000027378626,Lumen CenturyLink,Internet,-$65.00,,,,
Chase Amazon Credit Card,2/19/2025,Panera Bread,Panera Bread,Restaurants,-$3.90,,,,
Arizona Federal Debit Card,2/18/2025,TYPE: INS PREM  ID: 9409348096 DATA: BRANCH05DEBIT  ACH CO: PROG PREFERRED %% ACH ECC PPD %% ACH Trace 021000023355575,Progressive Insurance,Insurance - Vehicle,-$181.93,,,,
Arizona Federal Debit Card,2/18/2025,TYPE: PAYMENT  ID: 4866000256 CO: CITY PHX WATER %% ACH ECC PPD %% ACH Trace 021000027132860,City of Phoenix Water Services,Utilities - Water,-$59.22,,,,
Arizona Federal Debit Card,2/18/2025,QT 1441 INSIDE PHOENIX AZ Date 02/17/25 24692165049100652587051 5541 %% MCC 5541,QuikTrip,Convenience Stores,-$4.58,,,,
Arizona Federal Debit Card,2/18/2025,WATER N ICE PHOENIX AZ Date 02/17/25 24013395048003687190600 5499 %% MCC 5499,Water and Ice,Water,-$4.95,,,,
Arizona Federal Debit Card,2/18/2025,Netflix.com 866-5797172 CA Date 02/17/25 24906415048222239117475 4899 %% MCC 4899,Netflix,Subscriptions - Streaming Services,-$16.82,,,,
Arizona Federal Debit Card,2/16/2025,TST* WETZEL'S PRETZELS SCOTTSDALE AZ Date 02/16/25 24137465047100403349628 5812 %% MCC 5812,Wetzel's Pretzels,Restaurants,-$9.70,,,,
Arizona Federal Debit Card,2/16/2025,TST*THAI RECIPE BISTRO 602-262-5454 AZ Date 02/16/25 24692165047108973011927 5812 %% MCC 5812,Thai Recipe Bistro,Restaurants,-$29.75,,,,
Arizona Federal Debit Card,2/16/2025,ENERGY SPA SCOTTSDALE AZ Date 02/15/25 24275395047900017200641 7298 %% MCC 7298,Energy Spa,Health & Wellness - Massage,-$155.00,,,,
Arizona Federal Debit Card,2/16/2025,GOOGLE *Spotify 855-836-3987 CA Date 02/16/25 24692165047108649891017 5818 %% MCC 5818,Spotify,Subscriptions - Streaming Services,-$12.95,,,,
Chase Amazon Credit Card,2/16/2025,Panera Bread,Panera Bread,Restaurants,-$3.90,,,,
Arizona Federal Debit Card,2/15/2025,QT 1408 OUTSIDE PHOENIX AZ %% MCC 5542,QuikTrip,Gas & Fuel,-$42.27,,,,
Chase Amazon Credit Card,2/15/2025,Panera Bread,Panera Bread,Restaurants,-$3.90,,,,
Arizona Federal Debit Card,2/14/2025,Withdrawal Transfer To Loan 0304,AZFCU,Car Payment,-$342.80,,,,
Chase Amazon Credit Card,2/14/2025,Panera Bread,Panera Bread,Restaurants,-$3.90,,,,
Arizona Federal Debit Card,2/13/2025,Walmart.com Bentonville AR %% MCC 5310,Walmart,Groceries,-$51.85,,,,
Chase Amazon Credit Card,2/13/2025,Panera Bread,Panera Bread,Restaurants,-$3.90,,,,
Chase Amazon Credit Card,2/13/2025,Panera Bread,Panera Bread,Restaurants,-$16.28,,,,
Arizona Federal Debit Card,2/12/2025,TYPE: Payroll  ID: 1730383055 CO: MIDFIRST BANK %% ACH ECC PPD %% ACH Trace 303087992350252,MidFirst Bank,Paycheck,,2991.1,,,
Arizona Federal Debit Card,2/12/2025,PANERA BREAD #606104 O 480-707-6090 AZ Date 02/12/25 24692165043105682158928 5814 %% MCC 5814,Panera Bread,Restaurants,-$3.90,,,,
Chase Amazon Credit Card,2/12/2025,PlayStation Network ,PlayStation Network ,Subscriptions - Streaming Services,-$24.94,,,,
Arizona Federal Debit Card,2/11/2025,PANERA BREAD #606104 O 480-707-6090 AZ Date 02/11/25 24692165042104875922712 5814 %% MCC 5814,Panera Bread,Restaurants,-$3.90,,,,
Arizona Federal Debit Card,2/11/2025,GOOGLE *Google One 855-836-3987 CA Date 02/10/25 24692165041104494793057 4899 %% MCC 4899,Google One,Subscriptions - Apps,-$21.60,,,,
Arizona Federal Debit Card,2/10/2025,SUSHI TOKORO PHOENIX AZ Date 02/09/25 24707805041030040136414 5812 %% MCC 5812,Sushi Tokoro,Restaurants,-$50.95,,,,
Arizona Federal Debit Card,2/10/2025,ADOBE *ADOBE 408-536-6000 CA Date 02/10/25 24036295041742382888065 5734 %% MCC 5734,Adobe,Subscriptions - Apps,-$17.37,,,,
Arizona Federal Debit Card,2/10/2025,TYPE: AUTOPAY  ID: 4760039224 CO: CHASE CREDIT CRD %% ACH ECC PPD %% ACH Trace 021000029254882,Chase Credit Card,Credit Card Payment,-$757.90,,,,
Arizona Federal Debit Card,2/10/2025,Peacock 08F86 Premium 212-6640138 NY Date 02/10/25 24204295041001506722031 4899 %% MCC 4899,Peacock,Subscriptions - Streaming Services,-$32.36,,,,
Arizona Federal Debit Card,2/10/2025,QT 1441 INSIDE PHOENIX AZ Date 02/09/25 24692165041104115490406 5541 %% MCC 5541,QuikTrip,Convenience Stores,-$9.77,,,,
Chase Amazon Credit Card,2/9/2025,PlayStation Network ,PlayStation Network ,Subscriptions - Streaming Services,-$32.40,,,,
Arizona Federal Debit Card,2/8/2025,PANERA BREAD #606104 O 480-707-6090 AZ Date 02/08/25 24692165039102177245431 5814 %% MCC 5814,Panera Bread,Restaurants,-$3.90,,,,
Arizona Federal Debit Card,2/8/2025,WALGREENS #4506 SCOTTSDALE AZ Date 02/07/25 24445005039000839965123 5912 %% MCC 5912,Walgreens,Health & Wellness - Pharmacy,-$15.00,,,,
Arizona Federal Debit Card,2/8/2025,MCDONALD'S F7816 PHOENIX AZ Date 02/07/25 24427335038730271169974 5814 %% MCC 5814,McDonald's,Restaurants,-$20.28,,,,
Arizona Federal Debit Card,2/8/2025,BURGER KING #4105 PHOENIX AZ Date 02/06/25 24941445038031087139838 5814 %% MCC 5814,Burger King,Restaurants,-$6.17,,,,
Chase Amazon Credit Card,2/8/2025,Joe Schmoe Videos . com ,Joe Schmoe Videos . com ,Adult Entertainment,-$39.87,,,,
Chase Amazon Credit Card,2/8/2025,Joe Schmoe Videos . com ,Joe Schmoe Videos . com ,Adult Entertainment,-$39.87,,,,
Arizona Federal Debit Card,2/7/2025,QT 425 PHOENIX AZ Date 02/06/25 24692165038101591341082 5541 %% MCC 5541,QuikTrip,Convenience Stores,-$9.87,,,,
Arizona Federal Debit Card,2/7/2025,GOOGLE *Telegram 855-836-3987 CA Date 02/07/25 24692165038101379013523 4899 %% MCC 4899,Telegram,Subscriptions - Apps,-$5.39,,,,
Arizona Federal Debit Card,2/7/2025,PANERA BREAD #606104 O 480-707-6090 AZ Date 02/07/25 24692165038101279490474 5814 %% MCC 5814,Panera Bread,Restaurants,-$2.94,,,,
Arizona Federal Debit Card,2/7/2025,SUNNYSIDE SMOKE & VAPE PHOENIX AZ Date 02/06/25 24055225038235927465489 5993 %% MCC 5993,Sunnyside Smoke & Vape,Kratom,-$48.86,,,,
Chase Amazon Credit Card,2/7/2025,AUTOMATIC PAYMENT - THANK YOU,AUTOMATIC PAYMENT - THANK YOU,Credit Card Payment,$757.90,,,,
Arizona Federal Debit Card,2/6/2025,#A5XYKSOT  Canva US Inc. 2140 S Dupont Highway C Kent DE %% MCC 7333,Canva,Subscriptions - Apps,-$15.00,,,,
Arizona Federal Debit Card,2/6/2025,QT 425 PHOENIX AZ Date 02/05/25 24692165037100745313204 5541 %% MCC 5541,QuikTrip,Convenience Stores,-$13.23,,,,
Arizona Federal Debit Card,2/6/2025,PANERA BREAD #606104 O 480-707-6090 AZ Date 02/06/25 24692165037100465926102 5814 %% MCC 5814,Panera Bread,Restaurants,-$3.90,,,,
Arizona Federal Debit Card,2/6/2025,GOFNDME* HELP FULFILL WWW.GOFUNDME. CA Date 02/06/25 24492165037500013928785 8398 %% MCC 8398,GoFundMe,Miscellaneous,-$25.00,,,,
Arizona Federal Debit Card,2/6/2025,SUNNYSIDE SMOKE & VAPE PHOENIX AZ Date 02/05/25 24055225037234881451081 5993 %% MCC 5993,Sunnyside Smoke & Vape,Kratom,-$48.86,,,,
Chase Amazon Credit Card,2/6/2025,Amazon . com,Amazon . com,Shopping,-$9.64,,,,
Arizona Federal Debit Card,2/5/2025,SUNNYSIDE SMOKE & VAPE PHOENIX AZ Date 02/04/25 24055225036233910476268 5993 %% MCC 5993,Sunnyside Smoke & Vape,Kratom,-$48.86,,,,
Arizona Federal Debit Card,2/5/2025,PANERA BREAD #606104 O 480-707-6090 AZ Date 02/05/25 24692165036109537801251 5814 %% MCC 5814,Panera Bread,Restaurants,-$3.90,,,,
Arizona Federal Debit Card,2/4/2025,Visa International Service Assessment Date 02/04/25 %% MCC 5967,Visa International Service Assessment,Travel,-$0.10,,,,
Arizona Federal Debit Card,2/4/2025,ORANGE SEA LISBOA PT Date 02/04/25 74593045035504211273241 5967 %% MCC 5967,Orange Sea Lisboa PT,Travel,-$3.43,,,,
Arizona Federal Debit Card,2/4/2025,CLEAN MACHINE CAR WASH SCOTTSDALE AZ Date 02/03/25 24801975035233675239719 7542 %% MCC 7542,Clean Machine Car Wash,Auto - Repairs & Maintenance,-$34.95,,,,
Arizona Federal Debit Card,2/4/2025,TYPE: Payment  ID: 9864031004  CO: ATT %% ACH ECC PPD %% ACH Trace 031100205200433,AT&T,Cell Phone,-$69.19,,,,
Arizona Federal Debit Card,2/4/2025,PANERA BREAD #606104 O 480-707-6090 AZ Date 02/04/25 24692165035108775866746 5814 %% MCC 5814,Panera Bread,Restaurants,-$3.90,,,,
Arizona Federal Debit Card,2/4/2025,Walmart.com Bentonville AR %% MCC 5310,Walmart,Groceries,-$73.34,,,,
Arizona Federal Debit Card,2/3/2025,TYPE: CASH  ID: 1262049351  CO: PENNYMAC NAME: Travis C Balthes %% ACH ECC WEB %% ACH Trace 021000025273342,PennyMac,Mortgage,"-$1,107.55",,,,
Arizona Federal Debit Card,2/3/2025,TYPE: CPC-CLIENT  ID: 9000313004 CO: STATE FARM RO 27 %% ACH ECC PPD %% ACH Trace 021000024143741,State Farm,Insurance - Home Owners,-$90.99,,,,
Arizona Federal Debit Card,2/3/2025,PANERA BREAD #606104 O 480-707-6090 AZ Date 02/03/25 24692165034107941825207 5814 %% MCC 5814,Panera Bread,Restaurants,-$3.90,,,,
Arizona Federal Debit Card,2/3/2025,SUNNYSIDE SMOKE & VAPE PHOENIX AZ Date 02/02/25 24055225033231901401033 5993 %% MCC 5993,Sunnyside Smoke & Vape,Kratom,-$51.02,,,,
Arizona Federal Debit Card,2/2/2025,WMT PLUS FEB 2025 800-966-6546 AR Date 02/02/25 24055235033231661779502 5968 %% MCC 5968,Walmart Plus,Subscriptions - Apps,-$14.06,,,,
Arizona Federal Debit Card,2/2/2025,QT 1441 INSIDE PHOENIX AZ Date 02/01/25 24692165033107414202067 5541 %% MCC 5541,QuikTrip,Convenience Stores,-$10.06,,,,
Chase Amazon Credit Card,2/1/2025,Google Cloud Services,Google Cloud Services,Hobbies,-$0.01,,,,
Chase Amazon Credit Card,2/1/2025,PlayStation Network ,PlayStation Network ,Subscriptions - Streaming Services,-$10.79,,,,
Arizona Federal Debit Card,1/31/2025,"%% APY Earned  0.12% 01/01/25 to 01/31/25 %% APYE Avg Daily Bal           10,270.00",Interest Income,Interest,,1.05,,,
Chase Amazon Credit Card,1/31/2025,Panera Bread,Panera Bread,Restaurants,-$3.90,,,,
Chase Amazon Credit Card,1/30/2025,Amazon . com,Amazon . com,Shopping,-$3.25,,,,
Chase Amazon Credit Card,1/30/2025,Panera Bread,Panera Bread,Restaurants,-$3.90,,,,
Arizona Federal Debit Card,1/29/2025,TYPE: USATAXPYMT  ID: 3387702000  CO: IRS %% ACH ECC PPD %% ACH Trace 061036010003495,Internal Revenue Service (IRS),Financial,-$27.00,,,,
Arizona Federal Debit Card,1/29/2025,TYPE: Payroll  ID: 1730383055 CO: MIDFIRST BANK %% ACH ECC PPD %% ACH Trace 303087997640114,MidFirst Bank,Paycheck,,2991.09,,,
Arizona Federal Debit Card,1/29/2025,QT 435 OUTSIDE PHOENIX AZ %% MCC 5542,QuikTrip,Gas & Fuel,-$42.62,,,,
Chase Amazon Credit Card,1/29/2025,Panera Bread,Panera Bread,Restaurants,-$2.94,,,,
Arizona Federal Debit Card,1/28/2025,TYPE: PAYMENTS  ID: 1860011170 CO: APS electric pmt %% ACH ECC PPD %% ACH Trace 021000023084385,Arizona Public Service (APS),Utilities - Electricity,-$243.52,,,,
Arizona Federal Debit Card,1/28/2025,TYPE: BILLPAY  ID: 4880085720 CO: SOUTHWEST GAS %% ACH ECC PPD %% ACH Trace 042000012694052,Southwest Gas,Utilities - Gas,-$125.29,,,,
Arizona Federal Debit Card,1/28/2025,TYPE: Tax Refund  ID: 1866004799 CO: AZ DEPT OF REV %% ACH ECC PPD %% ACH Trace 111000024338524,Arizona Department of Revenue,Fees,,366,,,
Chase Amazon Credit Card,1/28/2025,Amazon . com,Amazon . com,Shopping,-$11.94,,,,
Chase Amazon Credit Card,1/28/2025,Amazon . com,Amazon . com,Shopping,-$34.53,,,,
Chase Amazon Credit Card,1/28/2025,Amazon . com,Amazon . com,Shopping,-$9.22,,,,
Chase Amazon Credit Card,1/28/2025,Panera Bread,Panera Bread,Restaurants,-$3.90,,,,
Chase Amazon Credit Card,1/27/2025,Panera Bread,Panera Bread,Restaurants,-$3.90,,,,
Chase Amazon Credit Card,1/27/2025,WALMART.COM 800-925-6278 AR,WALMART.COM 800-925-6278 AR,Groceries,-$66.52,,,,
Chase Amazon Credit Card,1/26/2025,Audible,Audible,Subscriptions - Apps,-$16.24,,,,
Chase Amazon Credit Card,1/26/2025,PlayStation Network ,PlayStation Network ,Subscriptions - Streaming Services,-$12.95,,,,
Chase Amazon Credit Card,1/25/2025,CULVERS OF PHOENIX PHOENIX AZ,CULVERS OF PHOENIX PHOENIX AZ,Restaurants,-$25.71,,,,
Chase Amazon Credit Card,1/25/2025,Panera Bread,Panera Bread,Restaurants,-$2.94,,,,
Chase Amazon Credit Card,1/24/2025,Panera Bread,Panera Bread,Restaurants,-$2.94,,,,
Arizona Federal Debit Card,1/23/2025,"TYPE: WEB PYMT  ID: 5911111111 CO: CARDMEMBER SERV NAME: BALTHES,TRAVIS C    60 %% ACH ECC WEB %% ACH Trace 042000017998530",Cardmember Services,Personal Care,-$110.00,,,,
Chase Amazon Credit Card,1/23/2025,BULK7OH ,Bulk 7OH,Kratom,-$122.08,,,,
Chase Amazon Credit Card,1/23/2025,Panera Bread,Panera Bread,Restaurants,-$3.90,,,,
Chase Amazon Credit Card,1/23/2025,QuikTrip,QuikTrip,Convenience Stores,-$10.37,,,,
Chase Amazon Credit Card,1/23/2025,QuikTrip,QuikTrip,Convenience Stores,-$5.18,,,,
Chase Amazon Credit Card,1/22/2025,Amazon . com,Amazon . com,Shopping,-$10.01,,,,
Chase Amazon Credit Card,1/22/2025,YouTube Premium,YouTube Premium,Subscriptions - Apps,-$15.11,,,,
Chase Amazon Credit Card,1/22/2025,QuikTrip,QuikTrip,Convenience Stores,-$7.35,,,,
Arizona Federal Debit Card,1/21/2025,TYPE: SPEEDPAY  ID: 9282505000 CO: LumenCenturyLink %% ACH ECC PPD %% ACH Trace 021000026634922,Lumen CenturyLink,Internet,-$65.00,,,,
Chase Amazon Credit Card,1/21/2025,Panera Bread,Panera Bread,Restaurants,-$3.90,,,,
Arizona Federal Debit Card,1/20/2025,WWW.PERPLEXITY.AI WWW.PERPLEXIT CA Date 01/19/25 24492165020500006260260 5815 %% MCC 5815,Perplexity AI,Subscriptions - Apps,-$21.72,,,,
Chase Amazon Credit Card,1/20/2025,ENERGY SPA SCOTTSDALE AZ,ENERGY SPA SCOTTSDALE AZ,Health & Wellness - Massage,-$86.00,,,,
Chase Amazon Credit Card,1/20/2025,Starbucks,Starbucks,Travel,-$10.26,,,,
Arizona Federal Debit Card,1/19/2025,JACK IN THE BOX 0112 PHOENIX AZ Date 01/18/25 24692165019108804587610 5814 %% MCC 5814,Jack in the Box,Restaurants,-$19.63,,,,
Arizona Federal Debit Card,1/19/2025,Visa International Service Assessment Date 01/19/25 %% MCC 7372,Visa International Service Assessment,Travel,-$0.15,,,,
Arizona Federal Debit Card,1/19/2025,WINDSCRIBE.COM 8C17BND RICHMOND HILL CA Date 01/19/25 74083425019500004304194 7372 %% MCC 7372,Windscribe,Subscriptions - Streaming Services,-$5.00,,,,
Arizona Federal Debit Card,1/18/2025,PAYPRO US INC. 888-317-4868 NY Date 01/18/25 24116415018742838252508 5815 %% MCC 5815,Paypro USA Incorporated,Paycheck,-$24.87,,,,
Arizona Federal Debit Card,1/18/2025,PANERA BREAD #606104 O 480-707-6090 AZ Date 01/18/25 24692165018107491283997 5814 %% MCC 5814,Panera Bread,Restaurants,-$3.90,,,,
Arizona Federal Debit Card,1/18/2025,Walmart.com Bentonville AR %% MCC 5310,Walmart,Groceries,-$102.91,,,,
Arizona Federal Debit Card,1/17/2025,PANERA BREAD #606104 O 480-707-6090 AZ Date 01/17/25 24692165017106610879082 5814 %% MCC 5814,Panera Bread,Restaurants,-$2.94,,,,
Arizona Federal Debit Card,1/16/2025,TYPE: INS PREM  ID: 9409348096 DATA: BRANCH05DEBIT  ACH CO: PROG PREFERRED %% ACH ECC PPD %% ACH Trace 021000020686476,Progressive Insurance,Insurance - Vehicle,-$188.04,,,,
Arizona Federal Debit Card,1/16/2025,QT 425 PHOENIX AZ Date 01/15/25 24692165016106077133982 5541 %% MCC 5541,QuikTrip,Convenience Stores,-$8.07,,,,
Arizona Federal Debit Card,1/16/2025,PANERA BREAD #606104 O 480-707-6090 AZ Date 01/16/25 24692165016105772268218 5814 %% MCC 5814,Panera Bread,Restaurants,-$3.90,,,,
Chase Amazon Credit Card,1/16/2025,Amazon . com,Amazon . com,Shopping,-$7.16,,,,
Arizona Federal Debit Card,1/15/2025,PANERA BREAD #606104 O 480-707-6090 AZ Date 01/15/25 24692165015104944601860 5814 %% MCC 5814,Panera Bread,Restaurants,-$3.90,,,,
Arizona Federal Debit Card,1/14/2025,GOOGLE *Spotify 855-836-3987 CA Date 01/14/25 24692165014104606678652 5818 %% MCC 5818,Spotify,Subscriptions - Streaming Services,-$12.95,,,,
Arizona Federal Debit Card,1/14/2025,Withdrawal Transfer To Loan 0305,AZFCU,Car Payment,-$342.80,,,,
Arizona Federal Debit Card,1/14/2025,PANERA BREAD #606104 O 480-707-6090 AZ Date 01/14/25 24692165014104099665273 5814 %% MCC 5814,Panera Bread,Restaurants,-$2.94,,,,
Arizona Federal Debit Card,1/13/2025,TYPE: PAYMENT  ID: 4866000256 CO: CITY PHX WATER %% ACH ECC PPD %% ACH Trace 021000025560630,City of Phoenix Water Services,Utilities - Water,-$59.18,,,,
Arizona Federal Debit Card,1/13/2025,TYPE: Payroll  ID: 1730383055 CO: MIDFIRST BANK %% ACH ECC PPD %% ACH Trace 303087991601150,MidFirst Bank,Paycheck,,2991.1,,,
Arizona Federal Debit Card,1/12/2025,OAK EASTBAYTRAIL MKT OAKLAND CA Date 01/12/25 24692165012102877797732 5399 %% MCC 5399,Oak Eastbaytrail Market,Groceries,-$15.44,,,,
Arizona Federal Debit Card,1/12/2025,STARBUCKS OGG KAHULUI HI Date 01/11/25 24692165012102868606785 5814 %% MCC 5814,Starbucks,Travel,-$8.53,,,,
Arizona Federal Debit Card,1/12/2025,HALEAKALA GRAB AND GO KAHULUI HI Date 01/11/25 24692165012102868498670 5814 %% MCC 5814,Haleakala Grab and Go,Travel,-$10.14,,,,
Arizona Federal Debit Card,1/11/2025,SWA INFLIGHT WIFI 800-435-9792 CA Date 01/11/25 24692165011102333088966 4816 %% MCC 4816,Southwest Airlines,Travel,-$8.00,,,,
Arizona Federal Debit Card,1/11/2025,HONOLUA STORE LAHAINA HI Date 01/10/25 24943005011129228286251 5411 %% MCC 5411,Honolua Store,Travel,-$16.22,,,,
Arizona Federal Debit Card,1/11/2025,HONOLUA STORE LAHAINA HI Date 01/10/25 24943005011129228286244 5411 %% MCC 5411,Honolua Store,Travel,-$7.94,,,,
Arizona Federal Debit Card,1/11/2025,WALGREENS #4506 SCOTTSDALE AZ Date 01/10/25 24445005011000717970478 5912 %% MCC 5912,Walgreens,Health & Wellness - Pharmacy,-$15.00,,,,
Arizona Federal Debit Card,1/10/2025,TYPE: PAYMENT  ID: 3264681992  CO: VENMO NAME: TRAVIS CHRISTOPHER %% ACH ECC WEB %% ACH Trace 091000011053986,Venmo,Financial,-$20.00,,,,
Chase Amazon Credit Card,1/10/2025,KAANAPALI BEACH CLUB FB LAHAINA HI,Kaanapali Beach Club Lahaina HI,Travel,-$10.42,,,,
Arizona Federal Debit Card,1/9/2025,TYPE: AUTOPAY  ID: 4760039224 CO: CHASE CREDIT CRD %% ACH ECC PPD %% ACH Trace 021000027716301,Chase Credit Card,Credit Card Payment,"-$1,127.81",,,,
Arizona Federal Debit Card,1/9/2025,PANERA SIP CLUB 601829 602-274-0290 AZ Date 01/09/25 24692165009100274089161 5814 %% MCC 5814,Panera Bread,Restaurants,-$16.28,,,,
Arizona Federal Debit Card,1/9/2025,GOOGLE *ONE AI Premium 855-836-3987 CA Date 01/09/25 24692165009100116549265 5816 %% MCC 5816,Google One,Subscriptions - Apps,-$21.60,,,,
Chase Amazon Credit Card,1/9/2025,MAALAEA GENERAL STORE & WAILUKU HI,Maalaea General Store & Wailuku HI,Travel,-$15.09,,,,
Chase Amazon Credit Card,1/9/2025,Joe Schmoe Videos . com ,Joe Schmoe Videos . com ,Adult Entertainment,-$39.87,,,,
Chase Amazon Credit Card,1/8/2025,ABC #47 HAWAII LAHAINA HI,ABC #47 Hawaii Lahaina HI,Travel,-$20.56,,,,
Chase Amazon Credit Card,1/8/2025,AUTOMATIC PAYMENT - THANK YOU,AUTOMATIC PAYMENT - THANK YOU,Credit Card Payment,"$1,127.81",,,,
Chase Amazon Credit Card,1/8/2025,SQ *SNORKEL BOB'S HONOKOW Lahaina HI,Snorkel Bob's Honokow Lahaina HI,Travel,-$35.60,,,,
Arizona Federal Debit Card,1/7/2025,ADOBE *ADOBE 408-536-6000 CA Date 01/07/25 24036295007742295272409 5734 %% MCC 5734,Adobe,Subscriptions - Apps,-$17.37,,,,
Chase Amazon Credit Card,1/7/2025,GAZEBO RESTAURANT LAHAINA HI,Gazebo Restaurant Lahaina HI,Travel,-$59.51,,,,
Chase Amazon Credit Card,1/7/2025,IT'SUGAR WHALERS VILLAGE LAHAINA MAUI HI,It's Sugar Whalers Village Lahaina Maui HI,Travel,-$26.84,,,,
Chase Amazon Credit Card,1/7/2025,MONKEYPOD KAANAPALI LAHAINA HI,Monkeypod Kaanapali Lahaina HI,Travel,-$31.82,,,,
Arizona Federal Debit Card,1/6/2025,TST*PAPIS OHANA Lahaina HI Date 01/06/25 24692165006108143995461 5812 %% MCC 5812,Papi's Ohana,Travel,-$23.65,,,,
Arizona Federal Debit Card,1/6/2025,TYPE: Payment  ID: 9864031004  CO: ATT %% ACH ECC PPD %% ACH Trace 031100205704670,AT&T,Cell Phone,-$247.70,,,,
Chase Amazon Credit Card,1/6/2025,TST* MAUI BREWING COMPANY LAHAINA HI,Maui Brewing Company Lahaina HI,Travel,-$63.89,,,,
Chase Amazon Credit Card,1/6/2025,VIDA 'S COFFEE LAHAINA HI,Vida 'S Coffee Lahaina HI,Travel,-$10.12,,,,
Arizona Federal Debit Card,1/5/2025,1488-PHO TODAY S4-R32 PHOENIX AZ Date 01/04/25 24692165005107076423617 5994 %% MCC 5994,Pho Today,Restaurants,-$52.17,,,,
Arizona Federal Debit Card,1/5/2025,KAANAPALI BEACH CLUB FB LAHAINA HI Date 01/04/25 24755425005150056469533 5812 %% MCC 5812,Kaanapali Beach Club,Travel,-$32.12,,,,
Arizona Federal Debit Card,1/5/2025,FH* PACWHALE ECO-ADVEN WWW.PACIFICWH HI Date 01/05/25 24000775005000003577337 7999 %% MCC 7999,Pacific Whale Foundation,Travel,-$112.06,,,,
Chase Amazon Credit Card,1/5/2025,KAANAPALI BEACH CLUB FB LAHAINA HI,Kaanapali Beach Club Lahaina HI,Travel,-$14.55,,,,
Chase Amazon Credit Card,1/5/2025,TIMES SUPER MARKET #24 LAHAINA HI,Times Super Market #24 Lahaina HI,Travel,-$27.96,,,,
Chase Amazon Credit Card,1/5/2025,TST*PIZZA PARADISO Lahaina HI,Pizza Paradiso Lahaina HI,Travel,-$33.52,,,,
Arizona Federal Debit Card,1/4/2025,TikTok Shop CULVER CITY CA Date 01/04/25 24793385004002543393027 5311 %% MCC 5311,TikTok Shop,Shopping,-$45.04,,,,
Chase Amazon Credit Card,1/4/2025,Starbucks,Starbucks,Travel,-$12.85,,,,
Chase Amazon Credit Card,1/4/2025,SWA INFLIGHT WIFI 800-435-9792 CA,SWA In Flight WiFi 800-435-9792,Travel,-$8.00,,,,
Arizona Federal Debit Card,1/3/2025,PANERA BREAD #606104 O 480-707-6090 AZ Date 01/03/25 24692165003104919278052 5814 %% MCC 5814,Panera Bread,Restaurants,-$2.94,,,,
Arizona Federal Debit Card,1/3/2025,SUNNYSIDE SMOKE & VAPE PHOENIX AZ Date 01/02/25 24055225003200960492924 5993 %% MCC 5993,Sunnyside Smoke & Vape,Kratom,-$50.85,,,,
Arizona Federal Debit Card,1/3/2025,TYPE: PREM REF  ID: 1360719665 DATA: ERF.010   010 D  CO: ALLSTATE INS CO %% ACH ECC CCD %% ACH Trace 091000016763898,Allstate Insurance Company,Car Insurance,,50.84,,,
Arizona Federal Debit Card,1/2/2025,WALGREENS STORE 4111 N 24 PHOENIX AZ %% MCC 5912,Walgreens,Health & Wellness - Pharmacy,-$49.99,,,,
Arizona Federal Debit Card,1/2/2025,TYPE: CASH  ID: 1262049351  CO: PENNYMAC NAME: Travis C Balthes %% ACH ECC WEB %% ACH Trace 021000023984381,PennyMac,Mortgage,"-$1,107.55",,,,
Arizona Federal Debit Card,1/1/2025,PANERA BREAD #606104 O 480-707-6090 AZ Date 01/01/25 24692165001103325356918 5814 %% MCC 5814,Panera Bread,Restaurants,-$3.90,,,,
Arizona Federal Debit Card,1/1/2025,SUNNYSIDE SMOKE & VAPE PHOENIX AZ Date 12/31/24 24055225001199029520935 5993 %% MCC 5993,Sunnyside Smoke & Vape,Kratom,-$48.86,,,,
Chase Amazon Credit Card,1/1/2025,Google Cloud Services,Google Cloud Services,Hobbies,-$0.01,,,,
Chase Amazon Credit Card,1/1/2025,PlayStation Network ,PlayStation Network ,Subscriptions - Streaming Services,-$10.79,,,,
Arizona Federal Debit Card,12/31/2024,"%% APY Earned  0.10% 12/01/24 to 12/31/24 %% APYE Avg Daily Bal            9,187.61",Interest Income,Interest,,0.78,,,
Arizona Federal Debit Card,12/31/2024,PANERA BREAD #606104 O 480-707-6090 AZ Date 12/31/24 24692164366102568964802 5814 %% MCC 5814,Panera Bread,Restaurants,-$2.94,,,,
Arizona Federal Debit Card,12/31/2024,Walmart.com Bentonville AR %% MCC 5310,Walmart,Groceries,-$44.24,,,,
Arizona Federal Debit Card,12/30/2024,QT 435 OUTSIDE PHOENIX AZ %% MCC 5542,QuikTrip,Gas & Fuel,-$35.81,,,,
Arizona Federal Debit Card,12/30/2024,TYPE: PAYMENT  ID: 3264681992  CO: VENMO NAME: TRAVIS CHRISTOPHER %% ACH ECC WEB %% ACH Trace 091000018183943,Venmo,Financial,-$48.00,,,,
Arizona Federal Debit Card,12/30/2024,TYPE: Payroll  ID: 1730383055 CO: MIDFIRST BANK %% ACH ECC PPD %% ACH Trace 303087992018108,MidFirst Bank,Paycheck,,2984.18,,,
Arizona Federal Debit Card,12/30/2024,Voucher  aliexpress 408-7855580 CA Date 12/30/24 74204294365001898217034 5310 %% MCC 5310,AliExpress,Online,,35.9,,,
Arizona Federal Debit Card,12/30/2024,aliexpress Pending credit/return for $35.90 on card 5488,AliExpress,Hobbies,$0.00,,,,
Arizona Federal Debit Card,12/30/2024,PANERA BREAD #601927 O 480-990-1029 AZ Date 12/30/24 24692164365101704325523 5814 %% MCC 5814,Panera Bread,Restaurants,-$3.88,,,,
Chase Amazon Credit Card,12/30/2024,Amazon . com,Amazon . com,Shopping,-$3.25,,,,
Arizona Federal Debit Card,12/29/2024,NETFLIX.COM NETFLIX.COM CA Date 12/29/24 24692164364101099278924 4899 %% MCC 4899,Netflix,Subscriptions - Streaming Services,-$16.82,,,,
Arizona Federal Debit Card,12/29/2024,BARROS PIZZA - N CENTRA 480-987-6484 AZ Date 12/29/24 24269794364500775565586 5812 %% MCC 5812,Barro's Pizza,Restaurants,-$29.53,,,,
Arizona Federal Debit Card,12/29/2024,PANERA BREAD #606104 O 480-707-6090 AZ Date 12/29/24 24692164364100874319200 5814 %% MCC 5814,Panera Bread,Restaurants,-$2.94,,,,
Arizona Federal Debit Card,12/28/2024,"GITHUB, INC. GITHUB.COM CA Date 12/28/24 24000774363500009056953 7372 %% MCC 7372","GitHub, Inc.",Subscriptions - Apps,-$10.86,,,,
Arizona Federal Debit Card,12/28/2024,PANERA BREAD #606104 O 480-707-6090 AZ Date 12/28/24 24692164363100001637863 5814 %% MCC 5814,Panera Bread,Restaurants,-$2.94,,,,
Arizona Federal Debit Card,12/27/2024,TYPE: PAYMENTS  ID: 1860011170 CO: APS electric pmt %% ACH ECC PPD %% ACH Trace 021000022452831,Arizona Public Service (APS),Utilities - Electricity,-$213.52,,,,
Arizona Federal Debit Card,12/26/2024,ZUSHI MESA AZ Date 12/25/24 24122594361018017636820 5812 %% MCC 5812,Zushi,Restaurants,-$60.74,,,,
Chase Amazon Credit Card,12/26/2024,Audible,Audible,Subscriptions - Apps,-$16.24,,,,
Chase Amazon Credit Card,12/26/2024,PlayStation Network ,PlayStation Network ,Subscriptions - Streaming Services,-$12.95,,,,
Arizona Federal Debit Card,12/25/2024,GOOGLE *Telegram 855-836-3987 CA Date 12/25/24 24692164360107850414909 5818 %% MCC 5818,Telegram,Subscriptions - Apps,-$5.39,,,,
Arizona Federal Debit Card,12/25/2024,PANERA BREAD #606104 O 480-707-6090 AZ Date 12/25/24 24692164360107752519631 5814 %% MCC 5814,Panera Bread,Restaurants,-$2.94,,,,
Arizona Federal Debit Card,12/24/2024,TYPE: BILLPAY  ID: 4880085720 CO: SOUTHWEST GAS %% ACH ECC PPD %% ACH Trace 042000014679842,Southwest Gas,Utilities - Gas,-$76.31,,,,
Arizona Federal Debit Card,12/24/2024,PANERA BREAD #606104 O 480-707-6090 AZ Date 12/24/24 24692164359106980485543 5814 %% MCC 5814,Panera Bread,Restaurants,-$3.90,,,,
Arizona Federal Debit Card,12/24/2024,Walmart.com Bentonville AR %% MCC 5310,Walmart,Groceries,-$54.76,,,,
Arizona Federal Debit Card,12/23/2024,"TYPE: WEB PYMT  ID: 5911111111 CO: CARDMEMBER SERV NAME: BALTHES,TRAVIS C    59 %% ACH ECC WEB %% ACH Trace 042000014165932",Cardmember Services,Personal Care,-$112.00,,,,
Arizona Federal Debit Card,12/23/2024,#122315397894  Walmart.com Bentonville AR %% MCC 5310,Walmart,Groceries,,4.89,,,
Arizona Federal Debit Card,12/23/2024,QT 1441 INSIDE PHOENIX AZ Date 12/22/24 24692164358106401991989 5541 %% MCC 5541,QuikTrip,Convenience Stores,-$7.77,,,,
Arizona Federal Debit Card,12/22/2024,PANERA BREAD #606104 O 480-707-6090 AZ Date 12/22/24 24692164357105150845322 5814 %% MCC 5814,Panera Bread,Restaurants,-$3.90,,,,
Chase Amazon Credit Card,12/22/2024,YouTube Premium,YouTube Premium,Subscriptions - Apps,-$15.11,,,,
Arizona Federal Debit Card,12/21/2024,CLEAN MACHINE CAR WASH 602-900-1731 AZ Date 12/20/24 24801974356189119407110 7542 %% MCC 7542,Clean Machine Car Wash,Auto - Repairs & Maintenance,-$34.95,,,,
Arizona Federal Debit Card,12/21/2024,PANERA BREAD #606104 O 480-707-6090 AZ Date 12/21/24 24692164356104440026786 5814 %% MCC 5814,Panera Bread,Restaurants,-$2.94,,,,
Arizona Federal Debit Card,12/21/2024,Microsoft*Microsoft Cop 425-6816830 WA Date 12/21/24 24204294356000311104031 5818 %% MCC 5818,Microsoft,Subscriptions - Apps,-$21.72,,,,
Arizona Federal Debit Card,12/21/2024,Microsoft*Microsoft 365 425-6816830 WA Date 12/21/24 24204294356000307691090 5818 %% MCC 5818,Microsoft,Subscriptions - Apps,-$3.25,,,,
Arizona Federal Debit Card,12/21/2024,aliexpress 408-7855580 CA Date 12/21/24 24204294356001695930041 5310 %% MCC 5310,AliExpress,Hobbies,-$53.30,,,,
Arizona Federal Debit Card,12/20/2024,QT 425 PHOENIX AZ Date 12/19/24 24692164355103480841501 5541 %% MCC 5541,QuikTrip,Convenience Stores,-$8.79,,,,
Arizona Federal Debit Card,12/20/2024,PANERA BREAD #601829 O 602-274-0290 AZ Date 12/20/24 24692164355103085187615 5814 %% MCC 5814,Panera Bread,Restaurants,-$2.94,,,,
Arizona Federal Debit Card,12/19/2024,WWW.PERPLEXITY.AI WWW.PERPLEXIT CA Date 12/19/24 24492164355500002147337 5815 %% MCC 5815,Perplexity AI,Subscriptions - Apps,-$21.72,,,,
Arizona Federal Debit Card,12/19/2024,WMT PLUS DEC 2024 800-966-6546 AR Date 12/19/24 24055234354186881540106 5968 %% MCC 5968,Walmart Plus,Subscriptions - Apps,-$14.06,,,,
Arizona Federal Debit Card,12/19/2024,TYPE: SPEEDPAY  ID: 9282505000 CO: LumenCenturyLink %% ACH ECC PPD %% ACH Trace 021000026576823,Lumen CenturyLink,Internet,-$65.00,,,,
Arizona Federal Debit Card,12/19/2024,#121924772156  CONSTRUCTIVE PSYCH CONSTRUCTI14425 FALCON AUSTIN TX %% MCC 8099,Constructive Psychology,Health & Wellness - Doctor,-$55.00,,,,
Arizona Federal Debit Card,12/19/2024,PANERA BREAD #601829 O 602-274-0290 AZ Date 12/19/24 24692164354102075211931 5814 %% MCC 5814,Panera Bread,Restaurants,-$3.90,,,,
Arizona Federal Debit Card,12/18/2024,TYPE: INS PREM  ID: 1360719665 DATA: ACH.EZPR03010 Q  NAME: WHIPPLE CO: ALLSTATE V&P INS %% ACH ECC WEB %% ACH Trace 021000023390146,All State Insurance,Insurance - Home Owners,-$112.05,,,,
Arizona Federal Debit Card,12/18/2024,PANERA BREAD #601829 O 602-274-0290 AZ Date 12/18/24 24692164353101381140900 5814 %% MCC 5814,Panera Bread,Restaurants,-$2.94,,,,
Chase Amazon Credit Card,12/18/2024,Amazon . com,Amazon . com,Shopping,-$8.68,,,,
Chase Amazon Credit Card,12/18/2024,PAYPAL *SHENGSHIHEPE7J 402-935-7733 CA,PAYPAL *SHENGSHIHEPE7J 402-935-7733 CA,Personal Care,-$160.00,,,,
Arizona Federal Debit Card,12/17/2024,TYPE: INS PREM  ID: 9409348096 DATA: BRANCH05DEBIT  ACH CO: PROG PREFERRED %% ACH ECC PPD %% ACH Trace 021000022863979,Progressive Insurance,Insurance - Vehicle,-$187.96,,,,
Arizona Federal Debit Card,12/17/2024,PANERA BREAD #601829 O 602-274-0290 AZ Date 12/17/24 24692164352100078981270 5814 %% MCC 5814,Panera Bread,Restaurants,-$3.90,,,,
Arizona Federal Debit Card,12/17/2024,Walmart.com Bentonville AR %% MCC 5310,Walmart,Groceries,-$74.61,,,,
Arizona Federal Debit Card,12/16/2024,SUSHI TOKORO PHOENIX AZ Date 12/15/24 24707804351030043939639 5812 %% MCC 5812,Sushi Tokoro,Restaurants,-$65.53,,,,
Arizona Federal Debit Card,12/16/2024,PANERA BREAD #601829 O 602-274-0290 AZ Date 12/16/24 24692164351109069530005 5814 %% MCC 5814,Panera Bread,Restaurants,-$3.90,,,,
Arizona Federal Debit Card,12/15/2024,PANERA BREAD #606104 O 480-707-6090 AZ Date 12/15/24 24692164350108127498768 5814 %% MCC 5814,Panera Bread,Restaurants,-$2.94,,,,
Chase Amazon Credit Card,12/15/2024,Amazon . com,Amazon . com,Shopping,-$9.64,,,,
Arizona Federal Debit Card,12/14/2024,Voucher  TikTok Shop CULVER CITY CA Date 12/15/24 74793384350000562450080 5311 %% MCC 5311,TikTok Shop,Online,,25.34,,,
Arizona Federal Debit Card,12/14/2024,GOOGLE *Spotify 855-836-3987 CA Date 12/14/24 24692164349107769518440 7372 %% MCC 7372,Spotify,Subscriptions - Streaming Services,-$12.95,,,,
Arizona Federal Debit Card,12/14/2024,TikTok Shop Pending credit/return for $25.34 on card 5488,TikTok Shop,Shopping,$0.00,,,,
Arizona Federal Debit Card,12/14/2024,QT 1408 OUTSIDE PHOENIX AZ %% MCC 5542,QuikTrip,Gas & Fuel,-$40.00,,,,
Arizona Federal Debit Card,12/14/2024,PANERA BREAD #606104 O 480-707-6090 AZ Date 12/14/24 24692164349107163947732 5814 %% MCC 5814,Panera Bread,Restaurants,-$3.90,,,,
Arizona Federal Debit Card,12/14/2024,UBER *EATS HELP.UBER.COM CA Date 12/14/24 24036294349744747579209 5812 %% MCC 5812,Uber Eats,Food Delivery,-$25.48,,,,
Arizona Federal Debit Card,12/14/2024,Withdrawal Transfer To Loan 0306,AZFCU,Car Payment,-$342.80,,,,
Chase Amazon Credit Card,12/14/2024,Amazon . com,Amazon . com,Shopping,-$11.94,,,,
Chase Amazon Credit Card,12/14/2024,Amazon . com,Amazon . com,Shopping,-$34.53,,,,
Arizona Federal Debit Card,12/13/2024,TYPE: PAYMENT  ID: 4866000256 CO: CITY PHX WATER %% ACH ECC PPD %% ACH Trace 021000027259427,City of Phoenix Water Services,Utilities - Water,-$58.50,,,,
Arizona Federal Debit Card,12/13/2024,PANERA BREAD #606104 O 480-707-6090 AZ Date 12/13/24 24692164348106393169464 5814 %% MCC 5814,Panera Bread,Restaurants,-$2.94,,,,
Arizona Federal Debit Card,12/13/2024,TikTok Shop CULVER CITY CA Date 12/13/24 24793384348003010397085 5311 %% MCC 5311,TikTok Shop,Shopping,-$25.34,,,,
Arizona Federal Debit Card,12/13/2024,COINBASE https://www.f CA Date 12/12/24 24116414348180143586084 6051 %% MCC 6051,Coinbase,Financial,-$200.00,,,,
Arizona Federal Debit Card,12/13/2024,MCDONALD'S F3812 SCOTTSDALE AZ Date 12/12/24 24427334347730272479470 5814 %% MCC 5814,McDonald's,Restaurants,-$10.34,,,,
Chase Amazon Credit Card,12/13/2024,Amazon . com,Amazon . com,Shopping,-$108.72,,,,
Arizona Federal Debit Card,12/12/2024,aliexpress 408-7855580 CA Date 12/13/24 24204294348000043909039 5310 %% MCC 5310,AliExpress,Hobbies,-$35.90,,,,
Arizona Federal Debit Card,12/12/2024,aliexpress 408-7855580 CA Date 12/13/24 24204294348000315595052 5310 %% MCC 5310,AliExpress,Hobbies,-$31.23,,,,
Arizona Federal Debit Card,12/12/2024,QT 435 PHOENIX AZ Date 12/11/24 24692164347105479931616 5541 %% MCC 5541,QuikTrip,Convenience Stores,-$5.79,,,,
Arizona Federal Debit Card,12/12/2024,PANERA BREAD #606104 O 480-707-6090 AZ Date 12/12/24 24692164347105116879913 5814 %% MCC 5814,Panera Bread,Restaurants,-$3.90,,,,
Chase Amazon Credit Card,12/12/2024,eBay . com,eBay . com,Hobbies,-$69.62,,,,
Arizona Federal Debit Card,12/11/2024,QT 1441 INSIDE PHOENIX AZ Date 12/10/24 24692164346104479949752 5541 %% MCC 5541,QuikTrip,Convenience Stores,-$7.02,,,,
Arizona Federal Debit Card,12/11/2024,TYPE: Payroll  ID: 1730383055 CO: MIDFIRST BANK %% ACH ECC PPD %% ACH Trace 303087996600954,MidFirst Bank,Paycheck,,2984.19,,,
Arizona Federal Debit Card,12/11/2024,PANERA BREAD #601829 O 602-274-0290 AZ Date 12/11/24 24692164346104402232953 5814 %% MCC 5814,Panera Bread,Restaurants,-$2.94,,,,
Arizona Federal Debit Card,12/11/2024,SQ *DIRECT2RECOVERY Phoenix AZ Date 12/10/24 24692164346103946886381 8099 %% MCC 8099,Direct2Recovery,Health & Wellness - Doctor,-$10.00,,,,
Arizona Federal Debit Card,12/11/2024,SUNNYSIDE SMOKE & VAPE PHOENIX AZ Date 12/10/24 24055224346177745456664 5993 %% MCC 5993,Sunnyside Smoke & Vape,Kratom,-$50.85,,,,
Arizona Federal Debit Card,12/10/2024,Zelle SARA RICHART 602-683-1000 Ref:434500D0IA52,Zelle,Financial,-$500.00,,,,
Arizona Federal Debit Card,12/10/2024,QT 425 PHOENIX AZ Date 12/09/24 24692164345103507964768 5541 %% MCC 5541,QuikTrip,Convenience Stores,-$6.48,,,,
Arizona Federal Debit Card,12/10/2024,PANERA BREAD #601829 O 602-274-0290 AZ Date 12/10/24 24692164345103423071656 5814 %% MCC 5814,Panera Bread,Restaurants,-$3.90,,,,
Arizona Federal Debit Card,12/10/2024,PANERA SIP CLUB 601829 602-274-0290 AZ Date 12/10/24 24692164345103423071607 5814 %% MCC 5814,Panera Bread,Restaurants,-$16.28,,,,
Chase Amazon Credit Card,12/10/2024,Joe Schmoe Videos . com ,Joe Schmoe Videos . com ,Adult Entertainment,-$39.87,,,,
Arizona Federal Debit Card,12/9/2024,TYPE: AUTOPAY  ID: 4760039224 CO: CHASE CREDIT CRD %% ACH ECC PPD %% ACH Trace 021000027327530,Chase Credit Card,Credit Card Payment,-$258.88,,,,
Arizona Federal Debit Card,12/9/2024,GOOGLE *ONE AI Premium 855-836-3987 CA Date 12/09/24 24692164344102245358169 7372 %% MCC 7372,Google One,Subscriptions - Apps,-$21.60,,,,
Arizona Federal Debit Card,12/9/2024,PANERA BREAD #601829 O 602-274-0290 AZ Date 12/09/24 24692164344102149197242 5814 %% MCC 5814,Panera Bread,Restaurants,-$2.94,,,,
Arizona Federal Debit Card,12/9/2024,THE JOINT SMOKE SHOP A PHOENIX AZ Date 12/08/24 24055224344176061339720 5499 %% MCC 5499,The Joint Smoke Shop,Hobbies,-$37.89,,,,
Arizona Federal Debit Card,12/9/2024,UBER *EATS HELP.UBER.COM CA Date 12/09/24 24036294344744933670494 5812 %% MCC 5812,Uber Eats,Food Delivery,-$22.97,,,,
Chase Amazon Credit Card,12/9/2024,eBay . com,eBay . com,Hobbies,-$69.62,,,,
Chase Amazon Credit Card,12/9/2024,eBay . com,eBay . com,Hobbies,-$31.75,,,,
Chase Amazon Credit Card,12/9/2024,eBay . com,eBay . com,Hobbies,-$25.82,,,,
Arizona Federal Debit Card,12/8/2024,QT 1441 INSIDE PHOENIX AZ Date 12/07/24 24692164343101627763559 5541 %% MCC 5541,QuikTrip,Convenience Stores,-$4.87,,,,
Arizona Federal Debit Card,12/8/2024,QT 1441 INSIDE PHOENIX AZ Date 12/07/24 24692164343101627749095 5541 %% MCC 5541,QuikTrip,Convenience Stores,-$7.87,,,,
Chase Amazon Credit Card,12/8/2024,AUTOMATIC PAYMENT - THANK YOU,AUTOMATIC PAYMENT - THANK YOU,Credit Card Payment,$258.88,,,,
Arizona Federal Debit Card,12/7/2024,ADOBE *ADOBE 408-536-6000 CA Date 12/07/24 24036294342742673105012 5734 %% MCC 5734,Adobe,Subscriptions - Apps,-$17.37,,,,
Arizona Federal Debit Card,12/7/2024,SQ *ALMA*9G38JY gosq.com NY Date 12/06/24 24692164342102882980186 8099 %% MCC 8099,Alma - Paul Gardner,Health & Wellness - Therapy,-$50.00,,,,
Arizona Federal Debit Card,12/7/2024,QT 1441 OUTSIDE PHOENIX AZ %% MCC 5542,QuikTrip,Convenience Stores,-$10.88,,,,
Arizona Federal Debit Card,12/6/2024,PANERA BREAD #601829 O 602-274-0290 AZ Date 12/06/24 24692164341102391265542 5814 %% MCC 5814,Panera Bread,Restaurants,-$2.94,,,,
Arizona Federal Debit Card,12/6/2024,SUNNYSIDE SMOKE & VAPE PHOENIX AZ Date 12/05/24 24055224341172634494202 5993 %% MCC 5993,Sunnyside Smoke & Vape,Kratom,-$50.85,,,,
Chase Amazon Credit Card,12/6/2024,eBay . com,eBay . com,Hobbies,-$61.47,,,,
Arizona Federal Debit Card,12/5/2024,Walmart.com Bentonville AR %% MCC 5310,Walmart,Groceries,-$78.26,,,,
Arizona Federal Debit Card,12/5/2024,PANERA BREAD #601829 O 602-274-0290 AZ Date 12/05/24 24692164340101419110905 5814 %% MCC 5814,Panera Bread,Restaurants,-$3.90,,,,
Arizona Federal Debit Card,12/4/2024,TYPE: Payment  ID: 9864031004  CO: ATT %% ACH ECC PPD %% ACH Trace 031100203770545,AT&T,Cell Phone,-$96.96,,,,
Arizona Federal Debit Card,12/4/2024,QT 425 PHOENIX AZ Date 12/03/24 24692164339100467942329 5541 %% MCC 5541,QuikTrip,Convenience Stores,-$7.56,,,,
Arizona Federal Debit Card,12/4/2024,SUNNYSIDE SMOKE & VAPE PHOENIX AZ Date 12/03/24 24055224339170554461536 5993 %% MCC 5993,Sunnyside Smoke & Vape,Kratom,-$29.31,,,,
Arizona Federal Debit Card,12/3/2024,eBayCommerce 2535 North First Street San Jose CA %% MCC 5311,eBay,Hobbies,-$23.72,,,,
Arizona Federal Debit Card,12/3/2024,TYPE: RX PAYMENT  ID: 3223461740 CO: EXPRESS SCRIPTS %% ACH ECC PPD %% ACH Trace 021000020395273,Express Scripts,Health & Wellness - Pharmacy,-$81.59,,,,
Arizona Federal Debit Card,12/3/2024,PANERA BREAD #601829 O 602-274-0290 AZ Date 12/03/24 24692164338109415111946 5814 %% MCC 5814,Panera Bread,Restaurants,-$3.90,,,,
Arizona Federal Debit Card,12/2/2024,TYPE: CASH  ID: 1262049351  CO: PENNYMAC NAME: Travis C Balthes %% ACH ECC WEB %% ACH Trace 021000021089903,PennyMac,Mortgage,"-$1,107.55",,,,
Chase Amazon Credit Card,12/2/2024,Amazon . com,Amazon . com,Shopping,-$22.26,,,,
Arizona Federal Debit Card,12/1/2024,PANERA BREAD #601829 O 602-274-0290 AZ Date 12/01/24 24692164336107081492030 5814 %% MCC 5814,Panera Bread,Restaurants,-$3.90,,,,
Chase Amazon Credit Card,12/1/2024,Amazon . com,Amazon . com,Shopping,-$9.12,,,,
Chase Amazon Credit Card,12/1/2024,Google Cloud Services,Google Cloud Services,Hobbies,-$0.57,,,,
Chase Amazon Credit Card,12/1/2024,Google Cloud Services,Google Cloud Services,Hobbies,-$0.36,,,,
Chase Amazon Credit Card,12/1/2024,PlayStation Network ,PlayStation Network ,Subscriptions - Streaming Services,-$10.79,,,,
Arizona Federal Debit Card,11/30/2024,"%% APY Earned  0.10% 11/01/24 to 11/30/24 %% APYE Avg Daily Bal            8,092.06",Interest Income,Interest,,0.67,,,
Arizona Federal Debit Card,11/30/2024,QT 1441 INSIDE PHOENIX AZ Date 11/29/24 24692164335106429230566 5541 %% MCC 5541,QuikTrip,Convenience Stores,-$9.89,,,,
Arizona Federal Debit Card,11/30/2024,OVERSEAS ORGANIX 321-3618502 FL Date 11/29/24 24398024334900012974372 5499 %% MCC 5499,Overseas Organix,Kratom,-$130.99,,,,
Chase Amazon Credit Card,11/30/2024,Amazon . com,Amazon . com,Shopping,-$26.12,,,,
Chase Amazon Credit Card,11/30/2024,Amazon . com,Amazon . com,Shopping,-$3.25,,,,
Arizona Federal Debit Card,11/29/2024,"GITHUB, INC. HTTPSGITHUB.C CA Date 11/29/24 24000774334000014706151 7372 %% MCC 7372","GitHub, Inc.",Subscriptions - Apps,-$10.50,,,,
Arizona Federal Debit Card,11/29/2024,QT 1408 PHOENIX AZ Date 11/28/24 24692164334105447739443 5541 %% MCC 5541,QuikTrip,Convenience Stores,-$4.93,,,,
Arizona Federal Debit Card,11/29/2024,UBER *EATS HELP.UBER.COM CA Date 11/29/24 24036294334712183554322 5812 %% MCC 5812,Uber Eats,Food Delivery,-$26.57,,,,
Arizona Federal Debit Card,11/29/2024,Netflix 1 8445052993 CA Date 11/29/24 34002844334310849108494 4899 %% MCC 4899,Netflix,Subscriptions - Streaming Services,-$16.82,,,,
Arizona Federal Debit Card,11/28/2024,QT 1441 OUTSIDE PHOENIX AZ %% MCC 5542,QuikTrip,Gas & Fuel,-$35.27,,,,
Arizona Federal Debit Card,11/28/2024,QT 1441 INSIDE PHOENIX AZ Date 11/27/24 24692164333104856674713 5541 %% MCC 5541,QuikTrip,Convenience Stores,-$13.39,,,,
Arizona Federal Debit Card,11/28/2024,QT 435 PHOENIX AZ Date 11/27/24 24692164333104855459603 5541 %% MCC 5541,QuikTrip,Convenience Stores,-$8.77,,,,
Arizona Federal Debit Card,11/28/2024,PANERA BREAD #601829 O 602-274-0290 AZ Date 11/28/24 24692164333104548547186 5814 %% MCC 5814,Panera Bread,Restaurants,-$2.94,,,,
Chase Amazon Credit Card,11/28/2024,Amazon . com,Amazon . com,Shopping,-$19.54,,,,
Chase Amazon Credit Card,11/28/2024,Amazon . com,Amazon . com,Shopping,-$42.94,,,,
Chase Amazon Credit Card,11/28/2024,Amazon . com,Amazon . com,Shopping,-$6.51,,,,
Arizona Federal Debit Card,11/27/2024,TYPE: Payroll  ID: 1730383055 CO: MIDFIRST BANK %% ACH ECC PPD %% ACH Trace 303087990444385,MidFirst Bank,Paycheck,,2984.18,,,
Arizona Federal Debit Card,11/27/2024,PANERA BREAD #601829 O 602-274-0290 AZ Date 11/27/24 24692164332103799584584 5814 %% MCC 5814,Panera Bread,Restaurants,-$3.90,,,,
Arizona Federal Debit Card,11/26/2024,QT 425 PHOENIX AZ Date 11/25/24 24692164331102948519872 5541 %% MCC 5541,QuikTrip,Convenience Stores,-$3.00,,,,
Arizona Federal Debit Card,11/26/2024,QT 425 PHOENIX AZ Date 11/25/24 24692164331102948519831 5541 %% MCC 5541,QuikTrip,Convenience Stores,-$7.16,,,,
Arizona Federal Debit Card,11/26/2024,TYPE: PAYMENTS  ID: 1860011170 CO: APS electric pmt %% ACH ECC PPD %% ACH Trace 021000025385010,Arizona Public Service (APS),Utilities - Electricity,-$213.52,,,,
Arizona Federal Debit Card,11/26/2024,PANERA BREAD #601829 O 602-274-0290 AZ Date 11/26/24 24692164331102869989294 5814 %% MCC 5814,Panera Bread,Restaurants,-$2.94,,,,
Chase Amazon Credit Card,11/26/2024,Audible,Audible,Subscriptions - Apps,$16.24,,,,
Arizona Federal Debit Card,11/25/2024,PAYPAL *itsdonvisca Visa Direct CA Date 11/25/24 04248184331224023240233 4829 %% MCC 4829,PayPal,Financial,-$11.58,,,,
Arizona Federal Debit Card,11/25/2024,"TYPE: WEB PYMT  ID: 5911111111 CO: CARDMEMBER SERV NAME: BALTHES,TRAVIS C    58 %% ACH ECC WEB %% ACH Trace 042000011811073",Cardmember Services,Personal Care,-$112.00,,,,
Arizona Federal Debit Card,11/24/2024,PP*GOOGLE TELEGRAM 402-935-7733 CA Date 11/23/24 24036384329071365979609 5815 %% MCC 5815,Telegram,Subscriptions - Apps,-$5.39,,,,
Arizona Federal Debit Card,11/24/2024,PANERA BREAD #601829 O 602-274-0290 AZ Date 11/24/24 24692164329100718812661 5814 %% MCC 5814,Panera Bread,Restaurants,-$3.90,,,,
Arizona Federal Debit Card,11/24/2024,UBER *EATS HELP.UBER.COM CA Date 11/24/24 24036294329714382708763 5812 %% MCC 5812,Uber Eats,Food Delivery,-$32.63,,,,
Arizona Federal Debit Card,11/22/2024,UBER *EATS HELP.UBER.COM CA Date 11/22/24 24036294327714157846642 5812 %% MCC 5812,Uber Eats,Food Delivery,-$31.79,,,,
Arizona Federal Debit Card,11/22/2024,QT 435 PHOENIX AZ Date 11/21/24 24692164327109176883728 5541 %% MCC 5541,QuikTrip,Convenience Stores,-$6.62,,,,
Arizona Federal Debit Card,11/22/2024,PANERA BREAD #601829 O 602-274-0290 AZ Date 11/22/24 24692164327109074647274 5814 %% MCC 5814,Panera Bread,Restaurants,-$2.94,,,,
Chase Amazon Credit Card,11/22/2024,YouTube Premium,YouTube Premium,Subscriptions - Apps,$15.11,,,,
Arizona Federal Debit Card,11/21/2024,CLEAN MACHINE CAR WASH 602-900-1731 AZ Date 11/20/24 24801974326158243049020 7542 %% MCC 7542,Clean Machine Car Wash,Auto - Repairs & Maintenance,-$34.95,,,,
Chase Amazon Credit Card,11/21/2024,Amazon . com,Amazon . com,Shopping,-$28.22,,,,
Chase Amazon Credit Card,11/21/2024,Amazon . com,Amazon . com,Shopping,-$38.54,,,,
Arizona Federal Debit Card,11/20/2024,#432500501108  MICROSOFT*STORE REDMOND WA %% MCC 5818,Microsoft Store,Electronics,-$3.25,,,,
Arizona Federal Debit Card,11/20/2024,TYPE: BILLPAY  ID: 4880085720 CO: SOUTHWEST GAS %% ACH ECC PPD %% ACH Trace 042000017299748,Southwest Gas,Utilities - Gas,-$29.43,,,,
Arizona Federal Debit Card,11/20/2024,PANERA BREAD #601829 O 602-274-0290 AZ Date 11/20/24 24692164325107285487219 5814 %% MCC 5814,Panera Bread,Restaurants,-$2.94,,,,
Chase Amazon Credit Card,11/20/2024,Amazon . com,Amazon . com,Shopping,-$10.85,,,,
Arizona Federal Debit Card,11/19/2024,WMT PLUS NOV 2024 800-966-6546 AR Date 11/19/24 24055234324156128106018 5968 %% MCC 5968,Walmart Plus,Subscriptions - Apps,-$14.06,,,,
Arizona Federal Debit Card,11/19/2024,TYPE: INS PREM  ID: 1360719665 DATA: ACH.EZPR03010 Q  NAME: WHIPPLE CO: ALLSTATE V&P INS %% ACH ECC WEB %% ACH Trace 021000023569231,All State Insurance,Insurance - Home Owners,-$112.05,,,,
Arizona Federal Debit Card,11/19/2024,TYPE: SPEEDPAY  ID: 9282505000 CO: LumenCenturyLink %% ACH ECC PPD %% ACH Trace 021000025812410,Lumen CenturyLink,Internet,-$65.00,,,,
Arizona Federal Debit Card,11/19/2024,QT 435 PHOENIX AZ Date 11/18/24 24692164324106500716064 5541 %% MCC 5541,QuikTrip,Convenience Stores,-$9.45,,,,
Arizona Federal Debit Card,11/19/2024,PANERA BREAD #601829 O 602-274-0290 AZ Date 11/19/24 24692164324106219253078 5814 %% MCC 5814,Panera Bread,Restaurants,-$2.94,,,,
Chase Amazon Credit Card,11/19/2024,Amazon . com,Amazon . com,Shopping,-$510.41,,,,
Arizona Federal Debit Card,11/18/2024,TYPE: INS PREM  ID: 9409348096 DATA: BRANCH05DEBIT  ACH CO: PROG PREFERRED %% ACH ECC PPD %% ACH Trace 021000022200004,Progressive Insurance,Insurance - Vehicle,-$187.96,,,,
Arizona Federal Debit Card,11/18/2024,TYPE: PAYMENT  ID: 3264681992  CO: VENMO NAME: TRAVIS CHRISTOPHER %% ACH ECC WEB %% ACH Trace 091000019275397,Venmo,Financial,-$48.00,,,,
Arizona Federal Debit Card,11/18/2024,BURGER KING #4985 SCOTTSDALE AZ Date 11/17/24 24941444323020765359914 5814,Burger King,Restaurants,-$14.46,,,,
Chase Amazon Credit Card,11/18/2024,Amazon . com,Amazon . com,Shopping,-$182.91,,,,
Chase Amazon Credit Card,11/18/2024,Amazon . com,Amazon . com,Shopping,-$11.34,,,,
Arizona Federal Debit Card,11/17/2024,QT 1441 INSIDE PHOENIX AZ Date 11/16/24 24692164322104858690710 5541,QuikTrip,Convenience Stores,-$4.87,,,,
Arizona Federal Debit Card,11/17/2024,SQ *AMERICAN PAINTBALL Phoenix AZ Date 11/16/24 24692164321104266370187 5941,American Paintball,Hobbies,-$40.72,,,,
Chase Amazon Credit Card,11/17/2024,Amazon . com,Amazon . com,Shopping,-$51.62,,,,
Arizona Federal Debit Card,11/16/2024,QT 1441 OUTSIDE PHOENIX AZ,QuikTrip,Gas & Fuel,-$37.00,,,,
Arizona Federal Debit Card,11/16/2024,GOOGLE *Perplexity AI 855-836-3987 CA Date 11/15/24 24692164320103437579701 5734,Perplexity AI,Subscriptions - Apps,-$21.60,,,,
Arizona Federal Debit Card,11/15/2024,QT 435 PHOENIX AZ Date 11/14/24 24692164320102959887567 5541,QuikTrip,Convenience Stores,-$4.78,,,,
Arizona Federal Debit Card,11/15/2024,PANERA BREAD #601829 O 602-274-0290 AZ Date 11/15/24 24692164320102908367224 5814,Panera Bread,Restaurants,-$2.94,,,,
Arizona Federal Debit Card,11/14/2024,GOOGLE *Spotify 855-836-3987 CA Date 11/14/24 24692164319102309139639 7372,Spotify,Subscriptions - Streaming Services,-$12.95,,,,
Arizona Federal Debit Card,11/14/2024,TYPE: PAYMENT  ID: 4866000256 CO: CITY PHX WATER %% ACH ECC PPD %% ACH Trace 021000023221200,City of Phoenix Water Services,Utilities - Water,-$58.50,,,,
Arizona Federal Debit Card,11/14/2024,PANERA BREAD #601829 O 602-274-0290 AZ Date 11/14/24 24692164319102010064001 5814,Panera Bread,Restaurants,-$2.94,,,,
Arizona Federal Debit Card,11/14/2024,Withdrawal Transfer To Loan 0307,AZFCU,Car Payment,-$342.80,,,,
Arizona Federal Debit Card,11/13/2024,TYPE: Payroll  ID: 1730383055 CO: MIDFIRST BANK %% ACH ECC PPD %% ACH Trace 303087990442300,MidFirst Bank,Paycheck,,2984.18,,,
Arizona Federal Debit Card,11/13/2024,WALMART.COM 800-925-6278 AR Date 11/13/24 24055234318149790519756 5310,Walmart,Groceries,-$45.73,,,,
Arizona Federal Debit Card,11/12/2024,SQ *DIRECT2RECOVERY 877-417-4551 AZ Date 11/12/24 24692164317100671642117 8099,Direct2Recovery,Health & Wellness - Doctor,-$55.00,,,,
Arizona Federal Debit Card,11/12/2024,TYPE: AUTOPAY  ID: 4760039224 CO: CHASE CREDIT CRD %% ACH ECC PPD %% ACH Trace 021000020484045,Chase Credit Card,Credit Card Payment,"-$1,450.71",,,,
Arizona Federal Debit Card,11/12/2024,PANERA BREAD #601829 O 602-274-0290 AZ Date 11/12/24 24692164317100079626159 5814,Panera Bread,Restaurants,-$2.94,,,,
Arizona Federal Debit Card,11/11/2024,BROKEN YOLK- HIGHLAND A PHOENIX AZ Date 11/09/24 24003244316804304868677 5812,Broken Yolk Cafe,Restaurants,-$36.00,,,,
Arizona Federal Debit Card,11/10/2024,PANERA SIP CLUB 601829 602-274-0290 AZ Date 11/10/24 24692164315108426807853 5814,Panera Bread,Restaurants,-$16.28,,,,
Arizona Federal Debit Card,11/10/2024,UBER *EATS HELP.UBER.COM CA Date 11/10/24 24036294315744181194820 5812,Uber Eats,Food Delivery,-$36.10,,,,
Chase Amazon Credit Card,11/10/2024,Joe Schmoe Videos . com ,Joe Schmoe Videos . com ,Adult Entertainment,$39.87,,,,
Chase Amazon Credit Card,11/10/2024,Joe Schmoe Videos . com ,Joe Schmoe Videos . com ,Adult Entertainment,$39.87,,,,
Arizona Federal Debit Card,11/9/2024,GOOGLE *ONE AI Premium 855-836-3987 CA Date 11/09/24 24692164314107632379021 5816,Google One,Subscriptions - Apps,-$21.60,,,,
Chase Amazon Credit Card,11/9/2024,PlayStation Network ,PlayStation Network ,Subscriptions - Streaming Services,$9.71,,,,
Arizona Federal Debit Card,11/8/2024,QT 1441 INSIDE PHOENIX AZ Date 11/08/24 24692164313107283427302 5541,QuikTrip,Convenience Stores,-$7.70,,,,
Arizona Federal Debit Card,11/8/2024,PANERA BREAD #601829 O 602-274-0290 AZ Date 11/08/24 24692164313106577466653 5814,Panera Bread,Restaurants,-$3.90,,,,
Chase Amazon Credit Card,11/8/2024,AUTOMATIC PAYMENT - THANK YOU,AUTOMATIC PAYMENT - THANK YOU,Credit Card Payment,"$1,450.71",,,,
Arizona Federal Debit Card,11/7/2024,QT 425 PHOENIX AZ Date 11/06/24 24692164312106070176743 5541,QuikTrip,Convenience Stores,-$8.02,,,,
Arizona Federal Debit Card,11/7/2024,ADOBE *ADOBE 408-536-6000 CA Date 11/07/24 24036294312716756451283 5734,Adobe,Subscriptions - Apps,-$17.37,,,,
Arizona Federal Debit Card,11/5/2024,TYPE: Payment  ID: 9864031004  CO: ATT %% ACH ECC PPD %% ACH Trace 031100201650887,AT&T,Cell Phone,-$96.96,,,,
Arizona Federal Debit Card,11/4/2024,TYPE: CASH  ID: 1262049351  CO: PENNYMAC NAME: Travis C Balthes %% ACH ECC WEB %% ACH Trace 021000023534162,PennyMac,Mortgage,"-$1,107.55",,,,
Arizona Federal Debit Card,11/4/2024,PANERA BREAD #601829 O 602-274-0290 AZ Date 11/04/24 24692164309103157979904 5814,Panera Bread,Restaurants,-$3.90,,,,
Arizona Federal Debit Card,11/4/2024,SQ *WATER & ICE Phoenix AZ Date 11/03/24 24692164309103108766020 5399,Water and Ice,Groceries,-$20.00,,,,
Arizona Federal Debit Card,11/4/2024,Walmart.com Bentonville AR,Walmart,Groceries,-$54.01,,,,
Chase Amazon Credit Card,11/4/2024,Amazon . com,Amazon . com,Shopping,-$9.35,,,,
Arizona Federal Debit Card,11/3/2024,GOOGLE *Peacock 855-836-3987 CA Date 11/03/24 24692164308102367249737 5734,Peacock,Subscriptions - Streaming Services,-$15.11,,,,
Arizona Federal Debit Card,11/3/2024,PANERA BREAD #601829 O 602-274-0290 AZ Date 11/03/24 24692164308102326977691 5814,Panera Bread,Restaurants,-$2.94,,,,
Arizona Federal Debit Card,11/3/2024,OVERSEAS ORGANIX 321-2092818 FL Date 11/02/24 24398024308900010211688 5499,Overseas Organix,Kratom,-$130.99,,,,
Chase Amazon Credit Card,11/3/2024,Amazon . com,Amazon . com,Shopping,-$19.54,,,,
Chase Amazon Credit Card,11/3/2024,Amazon . com,Amazon . com,Shopping,-$8.66,,,,
Chase Amazon Credit Card,11/3/2024,PlayStation Network ,PlayStation Network ,Subscriptions - Streaming Services,$9.71,,,,
Arizona Federal Debit Card,11/2/2024,UBER *EATS HELP.UBER.COM CA Date 11/02/24 24036294307714930587699 5812,Uber Eats,Food Delivery,-$35.78,,,,
Arizona Federal Debit Card,11/1/2024,PANERA BREAD #606104 O 480-707-6090 AZ Date 11/01/24 24692164306100440660518 5814,Panera Bread,Restaurants,-$3.90,,,,
Chase Amazon Credit Card,11/1/2024,Google Cloud Services,Google Cloud Services,Hobbies,$0.92,,,,
Chase Amazon Credit Card,11/1/2024,Google Cloud Services,Google Cloud Services,Hobbies,$1.49,,,,
Chase Amazon Credit Card,11/1/2024,PlayStation Network ,PlayStation Network ,Subscriptions - Streaming Services,$10.79,,,,
Arizona Federal Debit Card,10/31/2024,"%% APY Earned  0.10% 10/01/24 to 10/31/24 %% APYE Avg Daily Bal            8,525.75",Interest Income,Interest,,0.72,,,
Arizona Federal Debit Card,10/31/2024,TYPE: 6025068511  ID: 0000079161 DATA: MaricopaPropTax  CO: MARICOPA COUNTY NAME: Travis Balthes %% ACH ECC WEB %% ACH Trace 242071753308263,Maricopa County,Mortgage - Taxes,-$932.18,,,,
Arizona Federal Debit Card,10/31/2024,QT 425 PHOENIX AZ Date 10/30/24 24692164305109889794242 5541,QuikTrip,Convenience Stores,-$7.92,,,,
Arizona Federal Debit Card,10/31/2024,PANERA BREAD #601829 O 602-274-0290 AZ Date 10/31/24 24692164305109830575534 5814,Panera Bread,Restaurants,-$2.94,,,,
Chase Amazon Credit Card,10/30/2024,Amazon . com,Amazon . com,Shopping,-$3.25,,,,
Arizona Federal Debit Card,10/29/2024,Netflix.com 866-5797172 CA Date 10/29/24 24906414303212752292808 4899,Netflix,Subscriptions - Streaming Services,-$16.82,,,,
Arizona Federal Debit Card,10/29/2024,TYPE: Payroll  ID: 1730383055 CO: MIDFIRST BANK %% ACH ECC PPD %% ACH Trace 303087992924876,MidFirst Bank,Paycheck,,2707.14,,,
Arizona Federal Debit Card,10/29/2024,SQ *ALMA*24BG0K gosq.com NY Date 10/29/24 24692164303108285291557 8099,Alma - Paul Gardner,Health & Wellness - Therapy,-$2.94,,,,
Arizona Federal Debit Card,10/29/2024,Walmart.com Bentonville AR,Walmart,Groceries,-$60.30,,,,
Chase Amazon Credit Card,10/29/2024,Amazon . com,Amazon . com,Shopping,-$21.18,,,,
Chase Amazon Credit Card,10/29/2024,Amazon . com,Amazon . com,Shopping,-$28.08,,,,
Arizona Federal Debit Card,10/28/2024,PANERA BREAD #601829 O 602-274-0290 AZ Date 10/28/24 24692164302107087582560 5814,Panera Bread,Restaurants,-$3.90,,,,
Arizona Federal Debit Card,10/28/2024,CIRCLE K 01974 PHOENIX AZ Date 10/26/24 24692164302106954798523 5499,Circle K,Convenience Stores,-$3.37,,,,
Arizona Federal Debit Card,10/27/2024,QT 1408 PHOENIX AZ Date 10/26/24 24692164301106501875569 5541,QuikTrip,Convenience Stores,-$3.67,,,,
Arizona Federal Debit Card,10/27/2024,QT 1408 OUTSIDE PHOENIX AZ,QuikTrip,Gas & Fuel,-$37.01,,,,
Arizona Federal Debit Card,10/27/2024,JIFFY LUBE #2085 2921 N. 32ND STREET PHOENIX AZ,Jiffy Lube,Auto - Repairs & Maintenance,-$105.93,,,,
Arizona Federal Debit Card,10/27/2024,PANERA BREAD #601829 O 602-274-0290 AZ Date 10/27/24 24692164301106186617666 5814,Panera Bread,Restaurants,-$3.90,,,,
Arizona Federal Debit Card,10/27/2024,OREGANOS OLO CBACK 1005 olo.com AZ Date 10/27/24 24493984301040323530379 5812,Oregano's,Restaurants,-$34.50,,,,
Arizona Federal Debit Card,10/26/2024,SQ *WATER & ICE Phoenix AZ Date 10/26/24 24692164300105898006128 5399,Water and Ice,Groceries,-$4.00,,,,
Arizona Federal Debit Card,10/26/2024,PANERA BREAD #601829 O 602-274-0290 AZ Date 10/26/24 24692164300105312182190 5814,Panera Bread,Restaurants,-$3.90,,,,
Chase Amazon Credit Card,10/26/2024,Grindr,Grindr,Adult Entertainment,-$25.92,,,,
Arizona Federal Debit Card,10/25/2024,PP*GOOGLE TELEGRAM 402-935-7733 CA Date 10/23/24 24036384299071992106077 5815,Telegram,Subscriptions - Apps,-$5.39,,,,
Arizona Federal Debit Card,10/25/2024,TYPE: PAYMENTS  ID: 1860011170 CO: APS electric pmt %% ACH ECC PPD %% ACH Trace 021000028989504,Arizona Public Service (APS),Utilities - Electricity,-$213.52,,,,
Arizona Federal Debit Card,10/23/2024,"TYPE: WEB PYMT  ID: 5911111111 CO: CARDMEMBER SERV NAME: BALTHES,TRAVIS C    57 %% ACH ECC WEB %% ACH Trace 042000013966482",Cardmember Services,Personal Care,-$63.00,,,,
Arizona Federal Debit Card,10/23/2024,PANERA BREAD #601829 O 602-274-0290 AZ Date 10/23/24 24692164297102514785594 5814,Panera Bread,Restaurants,-$3.90,,,,
Arizona Federal Debit Card,10/22/2024,TYPE: BILLPAY  ID: 4880085720 CO: SOUTHWEST GAS %% ACH ECC PPD %% ACH Trace 042000014714473,Southwest Gas,Utilities - Gas,-$32.86,,,,
Arizona Federal Debit Card,10/22/2024,PANERA BREAD #601829 O 602-274-0290 AZ Date 10/22/24 24692164296101909064897 5814,Panera Bread,Restaurants,-$2.94,,,,
Chase Amazon Credit Card,10/22/2024,YouTube Premium,YouTube Premium,Subscriptions - Apps,-$15.11,,,,
Arizona Federal Debit Card,10/21/2024,Walmart.com Bentonville AR,Walmart,Groceries,-$102.27,,,,
Arizona Federal Debit Card,10/21/2024,CLEAN MACHINE CAR WASH 602-900-1731 AZ Date 10/20/24 24801974295126310924943 7542,Clean Machine Car Wash,Auto - Repairs & Maintenance,-$34.95,,,,
Arizona Federal Debit Card,10/21/2024,TYPE: SPEEDPAY  ID: 9282505000 CO: LumenCenturyLink %% ACH ECC PPD %% ACH Trace 021000029978301,Lumen CenturyLink,Internet,-$65.00,,,,
Arizona Federal Debit Card,10/21/2024,SOUTHWES 52625729909 800-435-9792 TX Date 10/20/24 24692164295101323098076 3066,Southwest Airlines,Travel,-$570.39,,,,
Arizona Federal Debit Card,10/21/2024,GLAM C2410212 925-900-0114 WY Date 10/21/24 24430994295125602053541 5999,Glam Cosmetics,Personal Care,-$68.40,,,,
Arizona Federal Debit Card,10/21/2024,PANERA BREAD #606104 O 480-707-6090 AZ Date 10/21/24 24692164295100811356517 5814,Panera Bread,Restaurants,-$14.42,,,,
Arizona Federal Debit Card,10/20/2024,PANERA BREAD #601829 O 602-274-0290 AZ Date 10/20/24 24692164294102941675361 5814,Panera Bread,Restaurants,-$8.12,,,,
Arizona Federal Debit Card,10/20/2024,ENERGY SPA SCOTTSDALE AZ Date 10/19/24 24275394294900015500094 7298,Energy Spa,Health & Wellness - Massage,-$85.00,,,,
Arizona Federal Debit Card,10/19/2024,THE OCEAN FLOOR PHOENIX AZ Date 10/18/24 24801974293124424593888 5995,The Ocean Floor,Restaurants,-$45.19,,,,
Arizona Federal Debit Card,10/19/2024,PANERA BREAD #601829 O 602-274-0290 AZ Date 10/19/24 24692164293102341443346 5814,Panera Bread,Restaurants,-$2.94,,,,
Arizona Federal Debit Card,10/19/2024,MCDONALD'S F1258 PHOENIX AZ Date 10/18/24 24427334292730282368577 5814,McDonald's,Restaurants,-$16.36,,,,
Chase Amazon Credit Card,10/19/2024,Grindr,Grindr,Adult Entertainment,-$25.92,,,,
Arizona Federal Debit Card,10/18/2024,PANERA BREAD #601829 O 602-274-0290 AZ Date 10/18/24 24692164292101412944134 5814,Panera Bread,Restaurants,-$3.90,,,,
Arizona Federal Debit Card,10/17/2024,TYPE: INS PREM  ID: 1360719665 DATA: ACH.EZPR03010 Q  NAME: WHIPPLE CO: ALLSTATE V&P INS %% ACH ECC WEB %% ACH Trace 021000022005162,Allstate V&P Insurance,Insurance - Home Owners,-$112.05,,,,
Arizona Federal Debit Card,10/17/2024,QT 425 PHOENIX AZ Date 10/16/24 24692164291100532523563 5541,QuikTrip,Convenience Stores,-$6.08,,,,
Arizona Federal Debit Card,10/17/2024,WALGREENS #4506 800-289-2273 AZ Date 10/16/24 24445004291000813666503 5912,Walgreens,Health & Wellness - Pharmacy,-$15.00,,,,
Arizona Federal Debit Card,10/17/2024,SUNNYSIDE SMOKE & VAPE PHOENIX AZ Date 10/16/24 24055224291121426547180 5993,Sunnyside Smoke & Vape,Kratom,-$43.43,,,,
Arizona Federal Debit Card,10/16/2024,TYPE: INS PREM  ID: 9409348096 DATA: BRANCH05DEBIT  ACH CO: PROG PREFERRED %% ACH ECC PPD %% ACH Trace 021000024691227,Progressive Insurance,Insurance - Vehicle,-$187.96,,,,
Arizona Federal Debit Card,10/16/2024,QT 425 OUTSIDE PHOENIX AZ,QuikTrip,Gas & Fuel,-$42.23,,,,
Arizona Federal Debit Card,10/16/2024,Zelle ORLANDO CAMPOS 602-683-1000 Ref:429000A0KH0Q,Zelle,Financial,,30,,,
Arizona Federal Debit Card,10/16/2024,QT 425 OUTSIDE PHOENIX AZ,QuikTrip,Gas & Fuel,-$20.01,,,,
Arizona Federal Debit Card,10/16/2024,PANERA BREAD #601829 O 602-274-0290 AZ Date 10/16/24 24692164290109568328673 5814,Panera Bread,Restaurants,-$3.90,,,,
Arizona Federal Debit Card,10/16/2024,GOOGLE *Perplexity AI 855-836-3987 CA Date 10/15/24 24692164290109239058808 7372,Perplexity AI,Subscriptions - Apps,-$21.60,,,,
Arizona Federal Debit Card,10/16/2024,SQ *DIRECT2RECOVERY 877-417-4551 AZ Date 10/15/24 24692164290109094934382 8099,Direct2Recovery,Health & Wellness - Doctor,-$55.00,,,,
Arizona Federal Debit Card,10/16/2024,SUNNYSIDE SMOKE & VAPE PHOENIX AZ Date 10/15/24 24055224290120380451349 5993,Sunnyside Smoke & Vape,Kratom,-$43.43,,,,
Arizona Federal Debit Card,10/15/2024,SQ *ALMA*EIYBII gosq.com NY Date 10/15/24 24692164289108813811684 8099,Alma - Paul Gardner,Health & Wellness - Therapy,-$55.00,,,,
Arizona Federal Debit Card,10/15/2024,TYPE: PAYMENT  ID: 4866000256 CO: CITY PHX WATER %% ACH ECC PPD %% ACH Trace 021000025325358,City of Phoenix Water Services,Utilities - Water,-$58.50,,,,
Arizona Federal Debit Card,10/15/2024,aliexpress 408-7855580 CA Date 10/15/24 24204294289001865915089 5311,AliExpress,Hobbies,-$18.67,,,,
Arizona Federal Debit Card,10/15/2024,PANERA BREAD #601829 O 602-274-0290 AZ Date 10/15/24 24692164289108507900439 5814,Panera Bread,Restaurants,-$3.90,,,,
Arizona Federal Debit Card,10/15/2024,GOOGLE *Spotify 855-836-3987 CA Date 10/14/24 24692164289108196617849 7372,Spotify,Subscriptions - Streaming Services,-$12.95,,,,
Arizona Federal Debit Card,10/15/2024,TYPE: Payroll  ID: 1730383055 CO: MIDFIRST BANK %% ACH ECC PPD %% ACH Trace 303087995998890,MidFirst Bank,Paycheck,,2849.64,,,
Arizona Federal Debit Card,10/14/2024,PANERA BREAD #601829 O 602-274-0290 AZ Date 10/14/24 24692164288107644912340 5814,Panera Bread,Restaurants,-$3.90,,,,
Arizona Federal Debit Card,10/14/2024,Withdrawal Transfer To Loan 0308,AZFCU,Car Payment,-$342.80,,,,
Arizona Federal Debit Card,10/14/2024,SPROUTS HTTPSINSTACAR CA Date 10/14/24 24011344288000011429448 5411,Sprouts,Groceries,-$78.66,,,,
Chase Amazon Credit Card,10/14/2024,SODASTREAM USA INC ,SODASTREAM USA INC ,Hobbies,-$32.58,,,,
Arizona Federal Debit Card,10/13/2024,CNS THE OCEAN FLOOR000104 2347 W THOMAS RD PHOENIX AZ,The Ocean Floor,Restaurants,-$64.46,,,,
Arizona Federal Debit Card,10/13/2024,PANERA BREAD #601829 O 602-274-0290 AZ Date 10/13/24 24692164287106746949011 5814,Panera Bread,Restaurants,-$3.90,,,,
Arizona Federal Debit Card,10/13/2024,MEKONG SUPERMARKET MESA AZ Date 10/12/24 24086984287900012001498 5411,Mekong Supermarket,Groceries,-$20.11,,,,
Arizona Federal Debit Card,10/13/2024,WATER N ICE PHOENIX AZ Date 10/12/24 24013394286002725637477 5499,Water and Ice,Water,-$25.07,,,,
Arizona Federal Debit Card,10/13/2024,COM TAM THUAN KIEU MESA AZ Date 10/12/24 24247604287600204399193 5812,Com Tam Thuan Kieu,Restaurants,-$31.97,,,,
Arizona Federal Debit Card,10/12/2024,Spirit Halloween 60852 Tempe AZ,Spirit Halloween,Hobbies,-$23.76,,,,
Arizona Federal Debit Card,10/12/2024,QT 1441 INSIDE PHOENIX AZ Date 10/11/24 24692164286106143966932 5541,QuikTrip,Convenience Stores,-$9.71,,,,
Arizona Federal Debit Card,10/12/2024,aliexpress 408-7855580 CA Date 10/12/24 24204294286001656996051 5310,AliExpress,Hobbies,-$34.23,,,,
Arizona Federal Debit Card,10/12/2024,THE HOME DEPOT #0477 PHOENIX AZ Date 10/11/24 24943014286010202112269 5200,The Home Depot,Home Improvement,-$13.55,,,,
Arizona Federal Debit Card,10/12/2024,THE HOME DEPOT #0477 PHOENIX AZ Date 10/11/24 24943014286010202112053 5200,The Home Depot,Home Improvement,-$21.12,,,,
Arizona Federal Debit Card,10/12/2024,PANERA BREAD #601829 O 602-274-0290 AZ Date 10/12/24 24692164286105801236786 5814,Panera Bread,Restaurants,-$3.90,,,,
Chase Amazon Credit Card,10/12/2024,Grindr,Grindr,Adult Entertainment,-$25.92,,,,
Arizona Federal Debit Card,10/11/2024,NST THE HOME DEPOT 002559 3609 EAST THOMAS RD PHOENIX AZ,The Home Depot,Home Improvement,-$13.55,,,,
Arizona Federal Debit Card,10/11/2024,QT 435 PHOENIX AZ Date 10/10/24 24692164285105184304913 5541,QuikTrip,Convenience Stores,-$6.62,,,,
Arizona Federal Debit Card,10/11/2024,PANERA BREAD #601829 O 602-274-0290 AZ Date 10/11/24 24692164285104793882971 5814,Panera Bread,Restaurants,-$3.90,,,,
Arizona Federal Debit Card,10/11/2024,PANERA SIP CLUB 601829 602-274-0290 AZ Date 10/11/24 24692164285104793882914 5814,Panera Bread,Restaurants,-$16.28,,,,
Arizona Federal Debit Card,10/11/2024,SUNNYSIDE SMOKE & VAPE PHOENIX AZ Date 10/10/24 24055224285115303532032 5993,Sunnyside Smoke & Vape,Kratom,-$69.48,,,,
Chase Amazon Credit Card,10/11/2024,Joe Schmoe Videos . com ,Joe Schmoe Videos . com ,Adult Entertainment,-$39.87,,,,
Chase Amazon Credit Card,10/11/2024,Joe Schmoe Videos . com ,Joe Schmoe Videos . com ,Adult Entertainment,-$39.87,,,,
Arizona Federal Debit Card,10/10/2024,QT 425 PHOENIX AZ Date 10/09/24 24692164284104246352318 5541,QuikTrip,Convenience Stores,-$4.13,,,,
Arizona Federal Debit Card,10/10/2024,Voucher  eBay O*24-12173-85275 San Jose CA Date 10/10/24 74204294284001713496068 5311,eBay,Online,,4.2,,,
Arizona Federal Debit Card,10/10/2024,Voucher  eBay O*24-12173-85275 San Jose CA Date 10/10/24 74204294284001713001066 5311,eBay,Online,,8.72,,,
Arizona Federal Debit Card,10/10/2024,QT 425 PHOENIX AZ Date 10/09/24 24692164284104233321169 5541,QuikTrip,Convenience Stores,-$6.88,,,,
Arizona Federal Debit Card,10/10/2024,eBay O*24-12173-85275 Pending credit/return for $8.72 on card 5488 eBay O*24-12173-85275 Pending credit/return for $4.20 on card 5488,eBay,Shopping,$0.00,,,,
Arizona Federal Debit Card,10/10/2024,PANERA BREAD #601829 O 602-274-0290 AZ Date 10/10/24 24692164284103843866068 5814,Panera Bread,Restaurants,-$3.90,,,,
Chase Amazon Credit Card,10/10/2024,Amazon . com,Amazon . com,Shopping,-$18.02,,,,
Chase Amazon Credit Card,10/10/2024,Amazon . com,Amazon . com,Shopping,-$18.02,,,,
Chase Amazon Credit Card,10/10/2024,Amazon . com,Amazon . com,Shopping,-$8.66,,,,
Chase Amazon Credit Card,10/10/2024,Amazon . com,Amazon . com,Shopping,-$45.60,,,,
Arizona Federal Debit Card,10/9/2024,QT 1441 INSIDE PHOENIX AZ Date 10/08/24 24692164283103513269412 5541,QuikTrip,Convenience Stores,-$5.63,,,,
Arizona Federal Debit Card,10/9/2024,aliexpress 408-7855580 CA Date 10/10/24 24204294283002076849071 5310,AliExpress,Hobbies,-$63.39,,,,
Arizona Federal Debit Card,10/9/2024,eBay O*24-12173-85275 San Jose CA Date 10/10/24 24204294283002137197064 5311,eBay,Personal Care,-$21.87,,,,
Arizona Federal Debit Card,10/9/2024,eBay O*24-12173-85274 San Jose CA Date 10/10/24 24204294283002137178064 5311,eBay,Personal Care,-$26.86,,,,
Arizona Federal Debit Card,10/9/2024,TYPE: AUTOPAY  ID: 4760039224 CO: CHASE CREDIT CRD %% ACH ECC PPD %% ACH Trace 021000021172162,Chase Credit Card,Credit Card Payment,-$833.38,,,,
Arizona Federal Debit Card,10/9/2024,eBay O*18-12165-58650 2535 North First Street San Jose CA,eBay,Personal Care,-$32.28,,,,
Arizona Federal Debit Card,10/9/2024,PANERA BREAD #601829 O 602-274-0290 AZ Date 10/09/24 24692164283103204933342 5814,Panera Bread,Restaurants,-$3.90,,,,
Arizona Federal Debit Card,10/9/2024,GOOGLE *ONE AI Premium 855-836-3987 CA Date 10/09/24 24692164283103112216160 7372,Google One,Subscriptions - Apps,-$21.60,,,,
Chase Amazon Credit Card,10/9/2024,Joe Schmoe Videos . com ,Joe Schmoe Videos . com ,Adult Entertainment,-$24.95,,,,
Chase Amazon Credit Card,10/9/2024,Joe Schmoe Videos . com ,Joe Schmoe Videos . com ,Adult Entertainment,-$24.95,,,,
Arizona Federal Debit Card,10/8/2024,GLAM C2410083 925-900-0114 WY Date 10/08/24 24430994282112909238103 5999,Glam Cosmetics,Personal Care,-$262.00,,,,
Arizona Federal Debit Card,10/8/2024,QT 1441 INSIDE PHOENIX AZ Date 10/06/24 24692164282102422862102 5541,QuikTrip,Convenience Stores,-$4.13,,,,
Arizona Federal Debit Card,10/8/2024,SAFEWAY #2042 PHOENIX AZ Date 10/07/24 24231684282112763127879 5411,Safeway,Groceries,-$10.98,,,,
Arizona Federal Debit Card,10/8/2024,PANERA BREAD #203249 O 480-696-3079 AZ Date 10/08/24 24692164282102327972345 5814,Panera Bread,Restaurants,-$4.87,,,,
Arizona Federal Debit Card,10/8/2024,PANERA BREAD #601829 O 602-274-0290 AZ Date 10/08/24 24692164282102327638888 5814,Panera Bread,Restaurants,-$3.90,,,,
Chase Amazon Credit Card,10/8/2024,AUTOMATIC PAYMENT - THANK YOU,AUTOMATIC PAYMENT - THANK YOU,Credit Card Payment,$833.38,,,,
Arizona Federal Debit Card,10/7/2024,ADOBE *ADOBE 408-536-6000 CA Date 10/07/24 24036294281716005790876 5734,Adobe,Subscriptions - Apps,-$17.37,,,,
Arizona Federal Debit Card,10/7/2024,SAFEWAY #2651 PHOENIX AZ Date 10/06/24 24231684281111765429284 5411,Safeway,Groceries,-$36.26,,,,
Arizona Federal Debit Card,10/7/2024,PANERA BREAD #601829 O 602-274-0290 AZ Date 10/07/24 24692164281101287238706 5814,Panera Bread,Restaurants,-$3.90,,,,
Arizona Federal Debit Card,10/7/2024,SAFEWAY.COM #2651 877-505-4040 AZ Date 10/07/24 24692164281101445196630 5411,Safeway,Groceries,-$23.93,,,,
Arizona Federal Debit Card,10/6/2024,UBER *EATS HELP.UBER.COM CA Date 10/06/24 24036294280742884379764 5812,Uber Eats,Food Delivery,-$33.44,,,,
Arizona Federal Debit Card,10/6/2024,QT 1441 OUTSIDE PHOENIX AZ,QuikTrip,Gas & Fuel,-$37.14,,,,
Arizona Federal Debit Card,10/6/2024,SPROUTS HTTPSINSTACAR CA Date 10/06/24 24011344280000098753239 5411,Sprouts,Groceries,-$78.76,,,,
Arizona Federal Debit Card,10/6/2024,STARBUCKS D15 MIA MIAMI FL Date 10/05/24 24692164280100640519191 5814,Starbucks,Travel,-$7.65,,,,
Arizona Federal Debit Card,10/6/2024,MIA CLUBHOUSE ONE D23 305-8760630 FL Date 10/05/24 24000974280451304035860 5812,MIA Clubhouse,Travel,-$66.05,,,,
Arizona Federal Debit Card,10/5/2024,Visa International Service Assessment Date 10/05/24,Visa International Service Assessment,Travel,-$0.33,,,,
Arizona Federal Debit Card,10/5/2024,UBER *TRIP HELP.UBER.CO help.uber.com NL Date 10/05/24 74796314279000017418049 4121,Uber,Travel,-$11.08,,,,
Arizona Federal Debit Card,10/5/2024,Visa International Service Assessment Date 10/04/24,Visa International Service Assessment,Travel,-$0.25,,,,
Arizona Federal Debit Card,10/5/2024,CORRAL PLAZA BOCAGRAND CARTAGENA CO Date 10/04/24 74468464279279030517231 5814,Corral Plaza,Travel,-$8.30,,,,
Chase Amazon Credit Card,10/5/2024,Grindr,Grindr,Adult Entertainment,-$25.92,,,,
Arizona Federal Debit Card,10/4/2024,Visa International Service Assessment Date 10/04/24,Visa International Service Assessment,Travel,-$0.15,,,,
Arizona Federal Debit Card,10/4/2024,UBER *TRIP HELP.UBER.CO help.uber.com NL Date 10/04/24 74796314278000025505085 4121,Uber,Travel,-$5.06,,,,
Arizona Federal Debit Card,10/4/2024,Visa International Service Assessment Date 10/03/24,Visa International Service Assessment,Travel,-$2.18,,,,
Arizona Federal Debit Card,10/4/2024,LUCENA ROOFTOP SAS CARTAGENA CO Date 10/03/24 74559864278278510523653 5812,Lecena Rooftop Bar,Travel,-$72.78,,,,
Arizona Federal Debit Card,10/4/2024,TYPE: Payment  ID: 9864031004  CO: ATT %% ACH ECC PPD %% ACH Trace 031100208059032,AT&T,Cell Phone,-$96.94,,,,
Arizona Federal Debit Card,10/4/2024,Voucher  Civitatis Tours Madrid ES Date 10/02/24 74987504278002683014066 7922,Civitatis,Travel,,42.8,,,
Arizona Federal Debit Card,10/4/2024,Civitatis Tours Pending credit/return for $42.80 on card 5488,Civitatis,Travel,$0.00,,,,
Arizona Federal Debit Card,10/4/2024,Visa International Service Assessment Date 10/03/24,Visa International Service Assessment,Travel,-$2.17,,,,
Arizona Federal Debit Card,10/4/2024,dhgate.com dhgate.com FR Date 10/03/24 74592724277402667736829 5262,DH Gate,Shopping,-$72.40,,,,
Arizona Federal Debit Card,10/3/2024,Visa International Service Assessment Date 10/03/24,Visa International Service Assessment,Travel,-$0.03,,,,
Arizona Federal Debit Card,10/3/2024,UBER *TRIP HELP.UBER.CO help.uber.com NL Date 10/03/24 74796314277000122642071 4121,Uber,Travel,-$1.07,,,,
Arizona Federal Debit Card,10/3/2024,Visa International Service Assessment Date 10/03/24,Visa International Service Assessment,Travel,-$0.26,,,,
Arizona Federal Debit Card,10/3/2024,UBER *TRIP HELP.UBER.CO help.uber.com NL Date 10/03/24 74796314277000024312062 4121,Uber,Travel,-$8.50,,,,
Arizona Federal Debit Card,10/3/2024,GOOGLE *Peacock TV Str g.co/helppay# CA Date 10/03/24 24692164277107788814149 5815,Peacock,Subscriptions - Streaming Services,-$15.11,,,,
Arizona Federal Debit Card,10/2/2024,Visa International Service Assessment Date 10/01/24,Visa International Service Assessment,Travel,-$0.40,,,,
Arizona Federal Debit Card,10/2/2024,ALMACEN YANGA SAN ANDRES CO Date 10/01/24 74468464276276030554134 5651,Almacen Yanga SA,Travel,-$13.18,,,,
Arizona Federal Debit Card,10/2/2024,Visa International Service Assessment Date 10/01/24,Visa International Service Assessment,Travel,-$1.71,,,,
Arizona Federal Debit Card,10/2/2024,HAT STORE SAN ANDRES CO Date 10/01/24 74468464276276030552559 5651,Hat Store San Andres,Travel,-$57.11,,,,
Arizona Federal Debit Card,10/2/2024,TYPE: CASH  ID: 1262049351  CO: PENNYMAC NAME: Travis C Balthes %% ACH ECC WEB %% ACH Trace 021000028734033,PennyMac,Mortgage,"-$1,107.55",,,,
Arizona Federal Debit Card,10/2/2024,Visa International Service Assessment Date 10/01/24,Visa International Service Assessment,Travel,-$3.18,,,,
Arizona Federal Debit Card,10/2/2024,REPRESENTACIONES Y ASE SAN ANDRES CO Date 10/01/24 74541004276276130599083 5045,Representaciones San Andres,Travel,-$106.14,,,,
Arizona Federal Debit Card,10/2/2024,Visa International Service Assessment Date 10/01/24,Visa International Service Assessment,Travel,-$0.32,,,,
Arizona Federal Debit Card,10/2/2024,PEDRO LORENZO SIMARRA SAN ANDRES CO Date 10/01/24 74541004276276130596105 5812,Pedro Lorenzo,Travel,-$10.81,,,,
Arizona Federal Debit Card,10/2/2024,Visa International Service Assessment Date 10/02/24,Visa International Service Assessment,Travel,-$1.28,,,,
Arizona Federal Debit Card,10/2/2024,Civitatis Tours Madrid ES Date 10/02/24 74987504276000000995068 7922,Civitatis,Travel,-$42.80,,,,
Chase Amazon Credit Card,10/2/2024,Hotels . com ,Hotels . com ,Travel,-$203.72,,,,
Arizona Federal Debit Card,10/1/2024,Visa International Service Assessment Date 09/30/24,Visa International Service Assessment,Travel,-$1.27,,,,
Arizona Federal Debit Card,10/1/2024,INVERSIONES EL PERUANO SAN ANDRES CO Date 09/30/24 74468464275275030527497 5812,Inversiones San Andres,Travel,-$42.42,,,,
Arizona Federal Debit Card,10/1/2024,Visa International Service Assessment,Visa International Service Assessment,Travel,-$4.85,,,,
Arizona Federal Debit Card,10/1/2024,BANCOLOMBIA MF_SANANDRE caribe CO 6724,Banco Colombia,Travel,-$161.62,,,,
Chase Amazon Credit Card,10/1/2024,PlayStation Network ,PlayStation Network ,Subscriptions - Streaming Services,-$10.79,,,,
Chase Amazon Credit Card,10/1/2024,PlayStation Network ,PlayStation Network ,Subscriptions - Streaming Services,-$10.79,,,,
Arizona Federal Debit Card,9/30/2024,"%% APY Earned  0.12% 09/01/24 to 09/30/24 %% APYE Avg Daily Bal           10,219.64",Interest Income,Interest,,1.01,,,
Arizona Federal Debit Card,9/30/2024,ATM Fee 001 @ $2.00,ATM Fee,Travel,-$2.00,,,,
Arizona Federal Debit Card,9/30/2024,Visa International Service Assessment,Visa International Service Assessment,Travel,-$4.92,,,,
Arizona Federal Debit Card,9/30/2024,BANCOLOMBIA SUCSANDRES5 caribe CO 5649,Banco Colombia SA,Travel,-$164.05,,,,
Arizona Federal Debit Card,9/30/2024,TYPE: Payroll  ID: 1730383055 CO: MIDFIRST BANK %% ACH ECC PPD %% ACH Trace 303087996275942,MidFirst Bank,Paycheck,,2849.62,,,
Chase Amazon Credit Card,9/30/2024,Amazon . com,Amazon . com,Shopping,-$3.25,,,,
Arizona Federal Debit Card,9/29/2024,Netflix 1 8445052993 CA Date 09/29/24 34002844273308540085404 4899,"Netflix, Inc.",Subscriptions - Streaming Services,-$16.82,,,,
Arizona Federal Debit Card,9/28/2024,Visa International Service Assessment Date 09/27/24,Visa International Service Assessment,Travel,-$0.86,,,,
Arizona Federal Debit Card,9/28/2024,TIENDA CAROL SAN ANDRES CO Date 09/27/24 74506484272272320520881 5411,Tienda Carol SA,Travel,-$28.80,,,,
Arizona Federal Debit Card,9/28/2024,Visa International Service Assessment Date 09/27/24,Visa International Service Assessment,Travel,-$0.98,,,,
Arizona Federal Debit Card,9/28/2024,AVIANCA IMPUESTOS SALI BOGOTA CO Date 09/27/24 74559864272272510558625 3039,Avianca,Travel,-$32.68,,,,
Arizona Federal Debit Card,9/28/2024,Visa International Service Assessment Date 09/27/24,Visa International Service Assessment,Travel,-$0.29,,,,
Arizona Federal Debit Card,9/28/2024,ZYROPE CAFE BAR BOGOTA CO Date 09/27/24 74559864272272510538767 5813,Zyrope Cafe Bar Bogota CO,Travel,-$9.52,,,,
Arizona Federal Debit Card,9/28/2024,Visa International Service Assessment Date 09/27/24,Visa International Service Assessment,Travel,-$0.28,,,,
Arizona Federal Debit Card,9/28/2024,ZYROPE BAR BOGOTA CO Date 09/27/24 74468464272272030551646 5462,Zyrope Bar Bogota CO,Travel,-$9.44,,,,
Arizona Federal Debit Card,9/28/2024,Visa International Service Assessment,Visa,Travel,-$10.93,,,,
Arizona Federal Debit Card,9/28/2024,411088 ATH B.POP SANANDRESI8 8800102SANAN CO 00746359,ATH B.POP,Travel,-$364.32,,,,
Chase Amazon Credit Card,9/28/2024,Grindr,Grindr,Adult Entertainment,-$25.92,,,,
Arizona Federal Debit Card,9/27/2024,Visa International Service Assessment Date 09/27/24,Visa International Service Assessment,Travel,-$0.15,,,,
Arizona Federal Debit Card,9/27/2024,STARBUCKS MUELLE SALID BOGOTA CO Date 09/27/24 74760044271123349113949 5462,Starbucks,Travel,-$5.06,,,,
Arizona Federal Debit Card,9/27/2024,Visa International Service Assessment Date 09/26/24,Visa,Travel,-$1.52,,,,
Arizona Federal Debit Card,9/27/2024,MAYERLI JHINET CUELO RU LETICIA CO Date 09/26/24 74468464271271030570128 4722,Mayerli Jhinet Cuelo Ru Leticia Co,Travel,-$50.73,,,,
Arizona Federal Debit Card,9/27/2024,TYPE: PAYMENTS  ID: 1860011170 CO: APS electric pmt %% ACH ECC PPD %% ACH Trace 021000028400560,Arizona Public Service (APS),Utilities - Electricity,-$213.52,,,,
Arizona Federal Debit Card,9/26/2024,Visa International Service Assessment Date 09/25/24,Visa,Travel,-$0.94,,,,
Arizona Federal Debit Card,9/26/2024,BOLD Mundo Amazonico QUIBDO CO Date 09/25/24 74468464270270030565048 7372,BOLD Mundo Amazonico,Travel,-$31.29,,,,
Arizona Federal Debit Card,9/25/2024,Visa International Service Assessment Date 09/25/24,Visa,Travel,-$0.01,,,,
Arizona Federal Debit Card,9/25/2024,UBER *TRIP HELP.UBER.CO help.uber.com NL Date 09/25/24 74796314269001309079046 4121,Uber,Travel,-$0.48,,,,
Arizona Federal Debit Card,9/25/2024,TikTok Shop TikTok Shop CULVER CITY CA Date 09/25/24 24793384269003490821088 5311,TikTok Shop,Shopping,-$11.94,,,,
Arizona Federal Debit Card,9/25/2024,Visa International Service Assessment Date 09/24/24,Visa,Travel,-$1.63,,,,
Arizona Federal Debit Card,9/25/2024,INV WAIRA DEL AMAZONAS LETICIA CO Date 09/24/24 74541004269269130532203 7011,WAIRA DEL AMAZONAS,Travel,-$54.33,,,,
Arizona Federal Debit Card,9/24/2024,Visa International Service Assessment Date 09/23/24,Visa,Travel,-$1.28,,,,
Arizona Federal Debit Card,9/24/2024,MAYERLI JHINET CUELO RU LETICIA CO Date 09/23/24 74468464268268030571127 4722,Leticia Co,Travel,-$42.75,,,,
Arizona Federal Debit Card,9/24/2024,Visa International Service Assessment,Visa,Travel,-$2.31,,,,
Arizona Federal Debit Card,9/24/2024,454100 CLL 7 10-12 91001 CO 00130772,CLL,Travel,-$77.05,,,,
Arizona Federal Debit Card,9/24/2024,TYPE: BILLPAY  ID: 4880085720 CO: SOUTHWEST GAS %% ACH ECC PPD %% ACH Trace 042000012793411,Southwest Gas,Utilities - Gas,-$28.36,,,,
Arizona Federal Debit Card,9/24/2024,Visa International Service Assessment Date 09/23/24,Visa,Travel,-$3.02,,,,
Arizona Federal Debit Card,9/24/2024,INV WAIRA DEL AMAZONAS LETICIA CO Date 09/23/24 74541004268268130518866 7011,Waira Del Amazonas,Travel,-$100.60,,,,
Arizona Federal Debit Card,9/23/2024,Visa International Service Assessment Date 09/22/24,Visa International Service Assessment,Travel,-$0.28,,,,
Arizona Federal Debit Card,9/23/2024,TIENDA JUAN VALDEZ CAF BOGOTA CO Date 09/22/24 74506684267267010542510 5814,Tienda Juan Valdez Cafe,Travel,-$9.46,,,,
Arizona Federal Debit Card,9/23/2024,"TYPE: WEB PYMT  ID: 5911111111 CO: CARDMEMBER SERV NAME: BALTHES,TRAVIS C    56 %% ACH ECC WEB %% ACH Trace 042000016028486",Cardmember Services,Travel,-$66.00,,,,
Arizona Federal Debit Card,9/23/2024,Visa International Service Assessment Date 09/22/24,Visa International Service Assessment,Travel,-$2.17,,,,
Arizona Federal Debit Card,9/23/2024,INV WAIRA DEL AMAZONAS LETICIA CO Date 09/22/24 74541004267267130554997 7011,WAIRA DEL AMAZONAS LETICIA CO,Travel,-$72.43,,,,
Arizona Federal Debit Card,9/23/2024,Visa International Service Assessment Date 09/22/24,Visa International Service Assessment,Travel,-$4.79,,,,
Arizona Federal Debit Card,9/23/2024,LATAM AIRLINES COLOMBI CARTAGENA CO Date 09/22/24 74541004267267130503127 4511,LATAM Airlines,Travel,-$159.66,,,,
Arizona Federal Debit Card,9/23/2024,Visa International Service Assessment,Visa,Travel,-$2.30,,,,
Arizona Federal Debit Card,9/23/2024,454100 CLL 7 10-12 91001 CO 00130086,CLL,Travel,-$76.68,,,,
Chase Amazon Credit Card,9/23/2024,Amazon . com,Amazon . com,Shopping,-$12.99,,,,
Chase Amazon Credit Card,9/23/2024,Amazon . com,Amazon . com,Shopping,-$48.86,,,,
Arizona Federal Debit Card,9/22/2024,STARBUCKS D30 MIA MIAMI FL Date 09/21/24 24692164266108211116113 5814,Starbucks,Travel,-$12.31,,,,
Arizona Federal Debit Card,9/22/2024,SQ *ALMA*YF6FPW gosq.com NY Date 09/22/24 24692164266108318480115 8099,Alma - Paul Gardner,Health & Wellness - Therapy,-$55.00,,,,
Arizona Federal Debit Card,9/22/2024,Visa International Service Assessment Date 09/22/24,Visa International Service Assessment,Travel,-$0.26,,,,
Arizona Federal Debit Card,9/22/2024,UBER *TRIP HELP.UBER.CO help.uber.com NL Date 09/22/24 74796314266000001744041 4121,Uber,Travel,-$8.72,,,,
Arizona Federal Debit Card,9/22/2024,Visa International Service Assessment Date 09/22/24,Visa International Service Assessment,Travel,-$0.16,,,,
Arizona Federal Debit Card,9/22/2024,UBER *TRIP HELP.UBER.CO help.uber.com NL Date 09/22/24 74796314265000025921048 4121,Uber,Travel,-$5.33,,,,
Chase Amazon Credit Card,9/22/2024,YouTube Premium,YouTube Premium,Subscriptions - Apps,-$15.11,,,,
Arizona Federal Debit Card,9/21/2024,CLEAN MACHINE CAR WASH SCOTTSDALE AZ Date 09/20/24 24801974265095977019287 7542,Clean Machine Car Wash,Auto Maintenance,-$34.95,,,,
Arizona Federal Debit Card,9/21/2024,Visa International Service Assessment,Visa International Service Assessment,Travel,-$10.91,,,,
Arizona Federal Debit Card,9/21/2024,01800450 CARTAGENA I CARTAGENA CO 01800450,ATM Cartagena,Travel,-$363.58,,,,
Arizona Federal Debit Card,9/21/2024,PHX TRIP ADVISOR SHOP PHOENIX AZ Date 09/21/24 24692164265107556956035 5399,Phoenix Trip Advisor Shop,Travel,-$11.68,,,,
Arizona Federal Debit Card,9/21/2024,H2C BLANCO TACOS T PHX 602-275-1721 AZ Date 09/21/24 24692164265107551646888 5812,Blanco Tacos,Restaurants,-$55.14,,,,
Arizona Federal Debit Card,9/21/2024,PANERA BREAD #601829 O 602-274-0290 AZ Date 09/21/24 24692164265107399938141 5814,Panera Bread,Restaurants,-$3.90,,,,
Arizona Federal Debit Card,9/21/2024,WATER N ICE PHOENIX AZ Date 09/20/24 24013394264004537369873 5499,Water and Ice,Water,-$4.95,,,,
Arizona Federal Debit Card,9/21/2024,BURGER KING #4105 PHOENIX AZ Date 09/19/24 24941444264012994422044 5814,Burger King,Restaurants,-$11.83,,,,
Chase Amazon Credit Card,9/21/2024,Grindr,Grindr,Adult Entertainment,-$25.92,,,,
Arizona Federal Debit Card,9/20/2024,QT 1441 INSIDE PHOENIX AZ Date 09/20/24 24692164264106905499888 5541,QuikTrip,Convenience Stores,-$6.62,,,,
Arizona Federal Debit Card,9/20/2024,QT 435 PHOENIX AZ Date 09/19/24 24692164264106524583906 5541,QuikTrip,Convenience Stores,-$10.61,,,,
Arizona Federal Debit Card,9/20/2024,PANERA BREAD #601829 O 602-274-0290 AZ Date 09/20/24 24692164264106190840903 5814,Panera Bread,Restaurants,-$3.90,,,,
Chase Amazon Credit Card,9/20/2024,American Airlines,American Airlines,Travel,-$33.62,,,,
Arizona Federal Debit Card,9/19/2024,TYPE: SPEEDPAY  ID: 9282505000 CO: LumenCenturyLink %% ACH ECC PPD %% ACH Trace 021000029755015,Lumen Century Link,Internet,-$65.00,,,,
Arizona Federal Debit Card,9/19/2024,QT 435 PHOENIX AZ Date 09/18/24 24692164263105628169647 5541,QuikTrip,Convenience Stores,-$8.13,,,,
Arizona Federal Debit Card,9/19/2024,QT 1441 INSIDE PHOENIX AZ Date 09/18/24 24692164263105626490474 5541,QuikTrip,Convenience Stores,-$10.21,,,,
Arizona Federal Debit Card,9/19/2024,PANERA BREAD #601829 O 602-274-0290 AZ Date 09/19/24 24692164263105343315509 5814,Panera Bread,Restaurants,-$3.90,,,,
Arizona Federal Debit Card,9/19/2024,WALGREENS #4506 800-289-2273 AZ Date 09/18/24 24445004263000802273901 5912,Walgreens,Health & Wellness - Prescriptions,-$15.00,,,,
Arizona Federal Debit Card,9/18/2024,TYPE: INS PREM  ID: 1360719665 DATA: ACH.EZPR03010 Q  NAME: WHIPPLE CO: ALLSTATE V&P INS %% ACH ECC WEB %% ACH Trace 021000029766417,All State Insurance,Insurance - Home Owners,-$112.05,,,,
Arizona Federal Debit Card,9/18/2024,QT 1441 INSIDE PHOENIX AZ Date 09/17/24 24692164262104805045671 5541,QuikTrip,Convenience Stores,-$9.37,,,,
Arizona Federal Debit Card,9/18/2024,PANERA BREAD #601829 O 602-274-0290 AZ Date 09/18/24 24692164262104486673882 5814,Panera Bread,Restaurants,-$3.90,,,,
Arizona Federal Debit Card,9/18/2024,SUNNYSIDE SMOKE & VAPE PHOENIX AZ Date 09/17/24 24055224262092137470852 5993,Sunnyside Smoke & Vape,Kratom,-$44.50,,,,
Arizona Federal Debit Card,9/17/2024,TYPE: INS PREM  ID: 9409348096 DATA: BRANCH05DEBIT  ACH CO: PROG PREFERRED %% ACH ECC PPD %% ACH Trace 021000025912917,Progressive Insurance,Insurance - Vehicle,-$187.96,,,,
Arizona Federal Debit Card,9/17/2024,QT 435 PHOENIX AZ Date 09/16/24 24692164261104042913930 5541,QuikTrip,Convenience Stores,-$6.62,,,,
Arizona Federal Debit Card,9/17/2024,PANERA BREAD #601829 O 602-274-0290 AZ Date 09/17/24 24692164261103682020964 5814,Panera Bread,Restaurants,-$7.15,,,,
Arizona Federal Debit Card,9/17/2024,SUNNYSIDE SMOKE & VAPE PHOENIX AZ Date 09/16/24 24055224261091141438211 5993,Sunnyside Smoke & Vape,Kratom,-$68.41,,,,
Chase Amazon Credit Card,9/17/2024,SQ *DIRECT2RECOVERY Phoenix AZ,SQ *DIRECT2RECOVERY Phoenix AZ,Health & Wellness - Doctor,-$65.00,,,,
Arizona Federal Debit Card,9/16/2024,TYPE: PAYMENT  ID: 3264681992  CO: VENMO NAME: TRAVIS CHRISTOPHER %% ACH ECC WEB %% ACH Trace 091000012982119,Shaving Grace,Personal Care,-$48.00,,,,
Arizona Federal Debit Card,9/16/2024,QT 435 PHOENIX AZ Date 09/15/24 24692164260103190295869 5541,QuikTrip,Convenience Stores,-$6.08,,,,
Arizona Federal Debit Card,9/16/2024,UBER *EATS HELP.UBER.COM CA Date 09/16/24 24492154260713501300373 5812,Uber Eats,Food Delivery,-$32.99,,,,
Arizona Federal Debit Card,9/16/2024,WATER N ICE PHOENIX AZ Date 09/15/24 24013394259003366383366 5499,Water and Ice,Water,-$5.05,,,,
Arizona Federal Debit Card,9/16/2024,PANERA BREAD #601829 O 602-274-0290 AZ Date 09/16/24 24692164260102851824686 5814,Panera Bread,Restaurants,-$3.90,,,,
Arizona Federal Debit Card,9/16/2024,SUNNYSIDE SMOKE & VAPE PHOENIX AZ Date 09/15/24 24055224260090185479710 5993,Sunnyside Smoke & Vape,Kratom,-$60.79,,,,
Arizona Federal Debit Card,9/16/2024,GOOGLE *Perplexity AI 855-836-3987 CA Date 09/15/24 24692164259102747337144 7372,Perplexity AI,Subscriptions - Apps,-$21.60,,,,
Chase Amazon Credit Card,9/16/2024,AIRBNB ,AIRBNB ,Travel,-$479.88,,,,
Arizona Federal Debit Card,9/15/2024,PANERA BREAD #601829 O 602-274-0290 AZ Date 09/15/24 24692164259102043757938 5814,Panera Bread,Restaurants,-$2.93,,,,
Chase Amazon Credit Card,9/15/2024,Amazon . com,Amazon . com,Shopping,-$95.07,,,,
Chase Amazon Credit Card,9/15/2024,Amazon . com,Amazon . com,Shopping,-$73.00,,,,
Chase Amazon Credit Card,9/15/2024,Amazon . com,Amazon . com,Shopping,-$46.69,,,,
Chase Amazon Credit Card,9/15/2024,Amazon . com,Amazon . com,Shopping,-$61.78,,,,
Arizona Federal Debit Card,9/14/2024,GOOGLE *Spotify 855-836-3987 CA Date 09/14/24 24692164258101747947754 7372,Spotify,Subscriptions - Streaming Services,-$12.95,,,,
Arizona Federal Debit Card,9/14/2024,PANERA BREAD #601829 O 602-274-0290 AZ Date 09/14/24 24692164258101118482845 5814,Panera Bread,Restaurants,-$3.90,,,,
Arizona Federal Debit Card,9/14/2024,UBER *EATS HELP.UBER.COM CA Date 09/14/24 24492154258713154883547 5812,Uber Eats,Food Delivery,-$21.13,,,,
Arizona Federal Debit Card,9/14/2024,Withdrawal Transfer To Loan 0301,AZFCU,Car Payment,-$342.80,,,,
Arizona Federal Debit Card,9/13/2024,TYPE: PAYMENT  ID: 4866000256 CO: CITY PHX WATER %% ACH ECC PPD %% ACH Trace 021000025981356,City of Phoenix Water Services,Utilities - Water,-$57.82,,,,
Arizona Federal Debit Card,9/13/2024,QT 435 PHOENIX AZ Date 09/12/24 24692164257100490946279 5541,QuikTrip,Convenience Stores,-$10.76,,,,
Arizona Federal Debit Card,9/13/2024,PANERA BREAD #601829 O 602-274-0290 AZ Date 09/13/24 24692164257100205991404 5814,Panera Bread,Restaurants,-$3.90,,,,
Arizona Federal Debit Card,9/13/2024,TYPE: Payroll  ID: 1730383055 CO: MIDFIRST BANK %% ACH ECC PPD %% ACH Trace 303087999041887,MidFirst Bank,Paycheck,,2849.62,,,
Chase Amazon Credit Card,9/13/2024,HOTEL AMAZON BED Y BRE LETICIA,HOTEL AMAZON BED Y BRE LETICIA,Travel,-$89.02,,,,
Chase Amazon Credit Card,9/13/2024,HOTEL AMAZON BED Y BRE LETICIA,HOTEL AMAZON BED Y BRE LETICIA,Travel,-$89.02,,,,
Arizona Federal Debit Card,9/12/2024,QT 435 PHOENIX AZ Date 09/11/24 24692164256109643860122 5541,QuikTrip,Convenience Stores,-$6.08,,,,
Arizona Federal Debit Card,9/12/2024,PANERA BREAD #601829 O 602-274-0290 AZ Date 09/12/24 24692164256109375873327 5814,Panera Bread,Restaurants,-$3.90,,,,
Chase Amazon Credit Card,9/12/2024,Joe Schmoe Videos . com ,Joe Schmoe Videos . com ,Adult Entertainment,-$39.87,,,,
Chase Amazon Credit Card,9/12/2024,Joe Schmoe Videos . com ,Joe Schmoe Videos . com ,Adult Entertainment,-$39.87,,,,
Arizona Federal Debit Card,9/11/2024,QT 400 OUTSIDE TEMPE AZ,QuikTrip,Gas & Fuel,-$40.16,,,,
Arizona Federal Debit Card,9/11/2024,UBER *EATS HELP.UBER.COM CA Date 09/11/24 24492154255745665558450 5812,Uber Eats,Food Delivery,-$27.42,,,,
Arizona Federal Debit Card,9/11/2024,PANERA BREAD #601829 O 602-274-0290 AZ Date 09/11/24 24692164255108599153194 5814,Panera Bread,Restaurants,-$3.90,,,,
Arizona Federal Debit Card,9/11/2024,PANERA SIP CLUB 601829 602-274-0290 AZ Date 09/11/24 24692164255108599153152 5814,Panera Bread,Restaurants,-$16.28,,,,
Chase Amazon Credit Card,9/11/2024,Amazon . com,Amazon . com,Shopping,-$5.42,,,,
Chase Amazon Credit Card,9/11/2024,Amazon . com,Amazon . com,Shopping,-$13.63,,,,
Arizona Federal Debit Card,9/10/2024,QT 435 PHOENIX AZ Date 09/09/24 24692164254108089715701 5541,QuikTrip,Convenience Stores,-$8.46,,,,
Arizona Federal Debit Card,9/10/2024,SUNNYSIDE SMOKE & VAPE PHOENIX AZ Date 09/09/24 24055224254084173441335 5993,Sunnyside Smoke & Vape,Kratom,-$43.43,,,,
Arizona Federal Debit Card,9/10/2024,PANERA BREAD #601829 O 602-274-0290 AZ Date 09/10/24 24692164254107798616473 5814,Panera Bread,Restaurants,-$3.90,,,,
Arizona Federal Debit Card,9/10/2024,#091024737012  CONSTRUCTIVE PSYCH CONSTRUCTI14425 FALCON AUSTIN TX,Constructive Psychiatry,Health & Welness - Doctor,-$55.00,,,,
Arizona Federal Debit Card,9/9/2024,TYPE: AUTOPAY  ID: 4760039224 CO: CHASE CREDIT CRD %% ACH ECC PPD %% ACH Trace 021000024850745,Chase Credit Card,Credit Card Payment,"-$1,356.90",,,,
Arizona Federal Debit Card,9/9/2024,GOOGLE *ONE AI Premium 855-836-3987 CA Date 09/09/24 24692164253107067251037 7372,Google One,Subscriptions - Apps,-$21.60,,,,
Arizona Federal Debit Card,9/9/2024,PANERA BREAD #601829 O 602-274-0290 AZ Date 09/09/24 24692164253106989083494 5814,Panera Bread,Restaurants,-$3.90,,,,
Arizona Federal Debit Card,9/7/2024,ADOBE *ADOBE 408-536-6000 CA Date 09/07/24 24036294251712065089156 5734,Adobe,Subscriptions - Apps,-$17.37,,,,
Arizona Federal Debit Card,9/7/2024,PANERA BREAD #601829 O 602-274-0290 AZ Date 09/07/24 24692164251105326819299 5814,Panera Bread,Restaurants,-$3.90,,,,
Arizona Federal Debit Card,9/6/2024,PANERA BREAD #601829 O 602-274-0290 AZ Date 09/06/24 24692164250104442666818 5814,Panera Bread,Restaurants,-$3.90,,,,
Arizona Federal Debit Card,9/5/2024,SAFEWAY.COM #2651 877-505-4040 AZ Date 09/05/24 24692164249103765362496 5411,Safeway,Groceries,-$70.05,,,,
Arizona Federal Debit Card,9/5/2024,PANERA BREAD #606104 O 480-707-6090 AZ Date 09/05/24 24692164249103557918216 5814,Panera Bread,Restaurants,-$3.90,,,,
Arizona Federal Debit Card,9/4/2024,TYPE: Payment  ID: 9864031004  CO: ATT %% ACH ECC PPD %% ACH Trace 031100206079637,AT&T,Cell Phone,-$96.94,,,,
Arizona Federal Debit Card,9/4/2024,PANERA BREAD #601829 O 602-274-0290 AZ Date 09/04/24 24692164248102715756725 5814,Panera Bread,Restaurants,-$3.90,,,,
Arizona Federal Debit Card,9/3/2024,MOLLY BUTLER LODGE GREER AZ Date 09/02/24 24037244247900018217526 5812,Molly Butler Lodge,Travel,-$33.60,,,,
Arizona Federal Debit Card,9/3/2024,TYPE: CASH  ID: 1262049351  CO: PENNYMAC NAME: Travis C Balthes %% ACH ECC WEB %% ACH Trace 021000027264793,PennyMac,Mortgage,"-$1,107.55",,,,
Arizona Federal Debit Card,9/3/2024,CIRCLE K 00549 EAGAR AZ Date 09/01/24 24692164247101782469866 5499,Circle K,Travel,-$1.73,,,,
Arizona Federal Debit Card,9/1/2024,CIRCLE K 00549 EAGAR AZ,Circle K,Travel,-$30.35,,,,
Arizona Federal Debit Card,9/1/2024,DOLLAR GENERAL # DG 05884 EAGAR AZ,Dollar General,Travel,-$1.09,,,,
Arizona Federal Debit Card,9/1/2024,CHEVRON 0210124 PHOENIX AZ Date 08/31/24 24692164245100435951272 7542,Chevron,Convenience Stores,-$7.99,,,,
Arizona Federal Debit Card,9/1/2024,aliexpress 408-7855580 CA Date 09/01/24 24204294245001646853032 5310,AliExress,Hobbies,-$76.53,,,,
Arizona Federal Debit Card,9/1/2024,PAYPAL *GREERCIVICA 4029357733 CA Date 08/31/24 24198804245434528875811 8641,Greer Civic Association,Travel,-$40.00,,,,
Arizona Federal Debit Card,9/1/2024,SQ *ALMA*V8ZIBQ gosq.com NY Date 09/01/24 24692164245100526808134 8099,Alma - Paul Gardner,Health & Wellness - Therapy,-$55.00,,,,
Arizona Federal Debit Card,9/1/2024,aliexpress 408-7855580 CA Date 09/01/24 24204294245001480080064 5310,AliExpress,Hobbies,-$13.86,,,,
Arizona Federal Debit Card,9/1/2024,SUNO INC. HTTPSSUNO.AI MA Date 08/31/24 24011344245000060665076 5734,Suno,Subscriptions - Apps,-$10.00,,,,
Arizona Federal Debit Card,9/1/2024,PANERA BREAD #601829 O 602-274-0290 AZ Date 09/01/24 24692164245100174926048 5814,Panera Bread,Restaurants,-$3.90,,,,
Arizona Federal Debit Card,8/31/2024,"%% APY Earned  0.10% 08/01/24 to 08/31/24 %% APYE Avg Daily Bal            9,952.96",Interest Income,Interest,,0.85,,,
Arizona Federal Debit Card,8/31/2024,CHEVRON 0210124 PHOENIX AZ Date 08/31/24 24692164244102865961178 5542,Chevron,Gas & Fuel,-$56.01,,,,
Arizona Federal Debit Card,8/31/2024,"32T, LLC PHOENIX AZ","32T, LLC",Miscellaneous,-$6.38,,,,
Arizona Federal Debit Card,8/31/2024,PANERA BREAD #601829 O 602-274-0290 AZ Date 08/31/24 24692164244102306408508 5814,Panera Bread,Restaurants,-$3.90,,,,
Arizona Federal Debit Card,8/30/2024,QT 435 PHOENIX AZ Date 08/29/24 24692164243101753994581 5541,QuikTrip,Convenience Stores,-$2.29,,,,
Arizona Federal Debit Card,8/30/2024,TYPE: Payroll  ID: 1730383055 CO: MIDFIRST BANK %% ACH ECC PPD %% ACH Trace 303087992033793,MidFirst Bank,Financial,,2849.63,,,
Arizona Federal Debit Card,8/29/2024,Netflix.com 866-5797172 CA Date 08/29/24 24906414242207867689256 4899,Netflix,Subscriptions - Streaming Services,-$16.82,,,,
Arizona Federal Debit Card,8/29/2024,QT 425 PHOENIX AZ Date 08/28/24 24692164242100912887505 5541,QuikTrip,Convenience Stores,-$7.92,,,,
Arizona Federal Debit Card,8/29/2024,WUVISAAFT 800-325-6000 CO Date 08/28/24 24692164242100611104921 4829,Western Union - Amazon Rain Deposit,Travel,-$120.00,,,,
Arizona Federal Debit Card,8/29/2024,PANERA BREAD #601829 O 602-274-0290 AZ Date 08/29/24 24692164242100581879205 5814,Panera Bread,Restaurants,-$3.90,,,,
Arizona Federal Debit Card,8/29/2024,WALGREENS #4506 800-289-2273 AZ Date 08/28/24 24445004242000799249324 5912,Walgreens,Health & Wellness - Pharmacy,-$15.00,,,,
Arizona Federal Debit Card,8/28/2024,PANERA BREAD #606104 O 480-707-6090 AZ Date 08/28/24 24692164241109736651436 5814,Panera Bread,Restaurants,-$3.90,,,,
Arizona Federal Debit Card,8/28/2024,SQ *DIRECT2RECOVERY 877-417-4551 AZ Date 08/28/24 24692164241100230363545 8099,Direct2Recovery,Health & Welness - Doctor,-$55.00,,,,
Arizona Federal Debit Card,8/27/2024,PANERA BREAD #601829 O 602-274-0290 AZ Date 08/27/24 24692164240108920746755 5814,Panera Bread,Restaurants,-$3.90,,,,
Arizona Federal Debit Card,8/26/2024,TYPE: PAYMENTS  ID: 1860011170 CO: APS electric pmt %% ACH ECC PPD %% ACH Trace 021000029193106,Arizona Public Service (APS),Utilities - Electricity,-$193.52,,,,
Arizona Federal Debit Card,8/26/2024,TYPE: PAYMENT  ID: 3264681992  CO: VENMO NAME: TRAVIS CHRISTOPHER %% ACH ECC WEB %% ACH Trace 091000018544539,Venmo,Financial,-$57.93,,,,
Arizona Federal Debit Card,8/26/2024,TACO BELL #32737 PHOENIX AZ Date 08/25/24 24231684239069912793056 5814,Taco Bell,Restaurants,-$16.56,,,,
Arizona Federal Debit Card,8/26/2024,PANERA BREAD #601829 O 602-274-0290 AZ Date 08/26/24 24692164239108101882984 5814,Panera Bread,Restaurants,-$3.90,,,,
Arizona Federal Debit Card,8/26/2024,CIRCLE K 09169 SCOTTSDALE AZ Date 08/24/24 24692164239108032138308 5499,Circle K,Convenience Stores,-$0.85,,,,
Arizona Federal Debit Card,8/26/2024,SPROUTS HTTPSINSTACAR CA Date 08/26/24 24011344239000025655095 5411,Sprouts,Groceries,-$75.85,,,,
Arizona Federal Debit Card,8/25/2024,TST*THIRSTY LION GASTRO Tempe AZ Date 08/24/24 24692164238107581214198 5812,Thirsty Lion Gastro Pub,Restaurants,-$45.92,,,,
Arizona Federal Debit Card,8/25/2024,WALGREENS #4506 SCOTTSDALE AZ Date 08/24/24 24445004238000829767051 5912,Walgreens,Health & Wellness - Pharmacy,-$12.26,,,,
Arizona Federal Debit Card,8/25/2024,WATER N ICE PHOENIX AZ Date 08/24/24 24013394237005510404466 5499,Water N Ice,Water,-$5.05,,,,
Arizona Federal Debit Card,8/24/2024,SAFEWAY #2651 PHOENIX AZ Date 08/23/24 24231684237068030613016 5411,Safeway,Groceries,-$96.14,,,,
Arizona Federal Debit Card,8/24/2024,PANERA BREAD #601829 O 602-274-0290 AZ Date 08/24/24 24692164237106434862436 5814,Panera Bread,Restaurants,-$3.90,,,,
Arizona Federal Debit Card,8/24/2024,SUNNYSIDE SMOKE & VAPE PHOENIX AZ Date 08/23/24 24055224237067484619949 5993,Sunnyside Smoke & Vape,Kratom,-$86.86,,,,
Arizona Federal Debit Card,8/23/2024,"TYPE: WEB PYMT  ID: 5911111111 CO: CARDMEMBER SERV NAME: BALTHES,TRAVIS C    55 %% ACH ECC WEB %% ACH Trace 042000010666461",Cardmember Services,Personal Care,-$63.00,,,,
Arizona Federal Debit Card,8/23/2024,HI LIFE SMOKE AND VAPOR SCOTTSDALE AZ Date 08/22/24 24049554236900011100134 5993,Hi Life Smoke and Vapor,Kratom,-$49.42,,,,
Arizona Federal Debit Card,8/23/2024,QT 425 PHOENIX AZ Date 08/22/24 24692164236105881509103 5541,QuikTrip,Convenience Stores,-$7.92,,,,
Arizona Federal Debit Card,8/23/2024,GOOGLE *Spotify 855-836-3987 CA Date 08/23/24 24692164236105633216411 5818,Spotify,Subscriptions - Streaming Services,-$12.95,,,,
Arizona Federal Debit Card,8/23/2024,PANERA BREAD #601829 O 602-274-0290 AZ Date 08/23/24 24692164236105550727481 5814,Panera Bread,Restaurants,-$3.90,,,,
Arizona Federal Debit Card,8/22/2024,TYPE: BILLPAY  ID: 4880085720 CO: SOUTHWEST GAS %% ACH ECC PPD %% ACH Trace 042000011540251,Southwest Gas,Utilities - Gas,-$30.20,,,,
Arizona Federal Debit Card,8/22/2024,#082224417553  DRSMALLWOOD.COM DRSMALLWOO14425 FALCON AUSTIN TX,Constructive Psychiatry,Health & Wellness - Doctor,-$55.00,,,,
Arizona Federal Debit Card,8/22/2024,PANERA BREAD #601829 O 602-274-0290 AZ Date 08/22/24 24692164235104715985531 5814,Panera Bread,Restaurants,-$3.90,,,,
Arizona Federal Debit Card,8/22/2024,SUNNYSIDE SMOKE & VAPE PHOENIX AZ Date 08/21/24 24055224235065474520426 5993,Sunnyside Smoke & Vape,Kratom,-$43.43,,,,
Arizona Federal Debit Card,8/22/2024,CIRCLE K 09169 SCOTTSDALE AZ Date 08/20/24 24692164235104638112726 5499,Circle K,Convenience Stores,-$3.89,,,,
Arizona Federal Debit Card,8/21/2024,CLEAN MACHINE CAR WASH SCOTTSDALE AZ Date 08/20/24 24801974234065246644130 7542,Clean Machine Car Wash,Auto - Repairs & Maintenance,-$34.95,,,,
Arizona Federal Debit Card,8/21/2024,WALGREENS #4506 SCOTTSDALE AZ Date 08/20/24 24445004234000793289854 5912,Walgreens,Health & Wellness - Pharmacy,-$30.00,,,,
Arizona Federal Debit Card,8/21/2024,PANERA BREAD #601829 O 602-274-0290 AZ Date 08/21/24 24692164234103870200497 5814,Panera Bread,Restaurants,-$3.90,,,,
Arizona Federal Debit Card,8/20/2024,CIRCLE K 09169 SCOTTSDALE AZ,Circle K,Gas & Fuel,-$45.78,,,,
Arizona Federal Debit Card,8/20/2024,SAFEWAY TRAVEL HEALTH 925-467-3352 CA Date 08/19/24 24431064233039890777669 5411,Safeway,Groceries,-$55.00,,,,
Arizona Federal Debit Card,8/20/2024,PANERA BREAD #601829 O 602-274-0290 AZ Date 08/20/24 24692164233103036812681 5814,Panera Bread,Restaurants,-$3.90,,,,
Arizona Federal Debit Card,8/20/2024,OVERSEAS ORGANIX 321-2092818 FL Date 08/19/24 24398024232900012710308 5499,Overseas Organix,Kratom,-$119.12,,,,
Arizona Federal Debit Card,8/19/2024,TYPE: INS PREM  ID: 1360719665 DATA: ACH.EZPR03010 Q  NAME: WHIPPLE CO: ALLSTATE V&P INS %% ACH ECC WEB %% ACH Trace 021000027800533,All State Insurance,Insurance - Home Owners,-$112.05,,,,
Arizona Federal Debit Card,8/19/2024,TYPE: SPEEDPAY  ID: 9282505000 CO: LumenCenturyLink %% ACH ECC PPD %% ACH Trace 021000020686408,Lumen Century Link,Internet,-$65.00,,,,
Arizona Federal Debit Card,8/19/2024,PANERA BREAD #601829 O 602-274-0290 AZ Date 08/19/24 24692164232102210709714 5814,Panera Bread,Restaurants,-$3.90,,,,
Arizona Federal Debit Card,8/18/2024,SPROUTS HTTPSINSTACAR CA Date 08/18/24 24011344231000088734652 5411,Sprouts,Groceries,-$60.30,,,,
Arizona Federal Debit Card,8/18/2024,SQ *ALMA*C4QE21 gosq.com NY Date 08/18/24 24692164231101736091442 8099,Alma - Paul Gardner,Health & Wellness - Therapy,-$55.00,,,,
Arizona Federal Debit Card,8/18/2024,GOOGLE *Perplexity AI 855-836-3987 CA Date 08/18/24 24692164231101559286509 5818,Perplexity AI,Subscriptions - Apps,-$21.60,,,,
Arizona Federal Debit Card,8/18/2024,PANERA BREAD #601829 O 602-274-0290 AZ Date 08/18/24 24692164231101394703668 5814,Panera Bread,Restaurants,-$3.90,,,,
Arizona Federal Debit Card,8/18/2024,PANERA BREAD #601829 O 602-274-0290 AZ Date 08/18/24 24692164231101394703643 5814,Panera Bread,Restaurants,-$3.90,,,,
Arizona Federal Debit Card,8/17/2024,PANERA BREAD #601829 O 602-274-0290 AZ Date 08/17/24 24692164230100511081108 5814,Panera Bread,Restaurants,-$3.90,,,,
Arizona Federal Debit Card,8/16/2024,TYPE: INS PREM  ID: 9409348096 DATA: BRANCH05DEBIT  ACH CO: PROG PREFERRED %% ACH ECC PPD %% ACH Trace 021000028391334,Progressive Insurance,Insurance - Vehicle,-$187.96,,,,
Arizona Federal Debit Card,8/16/2024,PANERA BREAD #601829 O 602-274-0290 AZ Date 08/16/24 24692164229109600161286 5814,Panera Bread,Restaurants,-$3.90,,,,
Arizona Federal Debit Card,8/15/2024,TYPE: PAYMENT  ID: 4866000256 CO: CITY PHX WATER %% ACH ECC PPD %% ACH Trace 021000020453182,City of Phoenix Water Services,Utilities - Water,-$59.18,,,,
Arizona Federal Debit Card,8/15/2024,QT 435 PHOENIX AZ Date 08/14/24 24692164228109034519027 5541,QuikTrip,Convenience Stores,-$1.84,,,,
Arizona Federal Debit Card,8/15/2024,TYPE: Payroll  ID: 1730383055 CO: MIDFIRST BANK %% ACH ECC PPD %% ACH Trace 303087996716841,MidFirst Bank,Paycheck,,2849.62,,,
Arizona Federal Debit Card,8/15/2024,PANERA BREAD #601829 O 602-274-0290 AZ Date 08/15/24 24692164228108719135638 5814,Panera Bread,Restaurants,-$2.93,,,,
Arizona Federal Debit Card,8/14/2024,QT 1441 INSIDE PHOENIX AZ Date 08/13/24 24692164227108254102366 5541,QuikTrip,Convenience Stores,-$4.13,,,,
Arizona Federal Debit Card,8/14/2024,Withdrawal Transfer To Loan 0300 ,AZFCU,Car Payment,-$342.80,,,,
Arizona Federal Debit Card,8/14/2024,ONLYFANS.COM*A 8886880458 FL Date 08/14/24 24034814227000001288282 5967,OnlyFans ,Subscriptions - Apps,-$5.32,,,,
Arizona Federal Debit Card,8/13/2024,QT 1441 INSIDE PHOENIX AZ Date 08/12/24 24692164226107343107114 5541,QuikTrip,Convenience Stores,-$3.91,,,,
Arizona Federal Debit Card,8/13/2024,PANERA BREAD #601829 O 602-274-0290 AZ Date 08/13/24 24692164226107030910564 5814,Panera Bread,Restaurants,-$3.90,,,,
Arizona Federal Debit Card,8/13/2024,CIRCLE K 09169 SCOTTSDALE AZ Date 08/11/24 24692164226106950054080 5499,Circle K,Convenience Stores,-$3.89,,,,
Arizona Federal Debit Card,8/12/2024,WATER N ICE PHOENIX AZ Date 08/11/24 24013394224002508581731 5499,Water and Ice,Water,-$5.00,,,,
Arizona Federal Debit Card,8/12/2024,PANERA BREAD #606104 O 480-707-6090 AZ Date 08/12/24 24692164225106204216544 5814,Panera Bread,Restaurants,-$7.15,,,,
Arizona Federal Debit Card,8/11/2024,SPROUTS HTTPSINSTACAR CA Date 08/12/24 24011344225000009516897 5411,Sprouts,Groceries,-$152.19,,,,
Arizona Federal Debit Card,8/11/2024,QT 1441 INSIDE PHOENIX AZ Date 08/10/24 24692164224105710527171 5541,QuikTrip,Convenience Stores,-$7.92,,,,
Arizona Federal Debit Card,8/11/2024,UBER EATS HELP.UBER.COM CA Date 08/11/24 24492154224743842031150 5812,Uber Eats,Food Delivery,-$24.51,,,,
Chase Amazon Credit Card,8/11/2024,Panera Bread,Panera Bread,Restaurants,-$3.90,,,,
Arizona Federal Debit Card,8/10/2024,aliexpress 408-7855580 CA Date 08/10/24 24204294223001890325063 5311,AliExress,Hobbies,-$20.53,,,,
Arizona Federal Debit Card,8/10/2024,GOOGLE *ONE AI Premium 855-836-3987 CA Date 08/10/24 24692164223104824830812 5818,Google One,Subscriptions - Apps,-$21.60,,,,
Chase Amazon Credit Card,8/10/2024,Jack in the Box,Jack in the Box,Restaurants,-$18.65,,,,
Chase Amazon Credit Card,8/10/2024,Panera Bread,Panera Bread,Restaurants,-$7.15,,,,
Arizona Federal Debit Card,8/9/2024,TYPE: AUTOPAY  ID: 4760039224 CO: CHASE CREDIT CRD %% ACH ECC PPD %% ACH Trace 021000024836578,Chase Credit Card,Credit Card Payment,-$219.87,,,,
Arizona Federal Debit Card,8/9/2024,QT 1441 INSIDE PHOENIX AZ Date 08/08/24 24692164222103997294658 5541,QuikTrip,Convenience Stores,-$8.21,,,,
Arizona Federal Debit Card,8/9/2024,QT 425 PHOENIX AZ Date 08/08/24 24692164222103924103899 5541,QuikTrip,Convenience Stores,-$7.92,,,,
Chase Amazon Credit Card,8/9/2024,Panera Bread,Panera Bread,Restaurants,-$3.90,,,,
Chase Amazon Credit Card,8/9/2024,QuikTrip,QuikTrip,Convenience Stores,-$7.92,,,,
Arizona Federal Debit Card,8/8/2024,QT 425 PHOENIX AZ Date 08/07/24 24692164221103158743064 5541,QuikTrip,Convenience Stores,-$7.92,,,,
Chase Amazon Credit Card,8/8/2024,AUTOMATIC PAYMENT - THANK YOU,AUTOMATIC PAYMENT - THANK YOU,Credit Card Payment,$219.87,,,,
Chase Amazon Credit Card,8/8/2024,Panera Bread,Panera Bread,Restaurants,-$3.90,,,,
Arizona Federal Debit Card,8/7/2024,ADOBE *ADOBE 408-536-6000 CA Date 08/07/24 24036294220742295401374 5734,Adobe,Subscriptions - Apps,-$17.37,,,,
Arizona Federal Debit Card,8/7/2024,QT 425 OUTSIDE PHOENIX AZ,QuikTrip,Gas & Fuel,-$43.73,,,,
Arizona Federal Debit Card,8/7/2024,"SQ *ALMA*P9PDWP,KAMN3H gosq.com NY Date 08/07/24 24692164220102005678318 8099",Alma - Paul Gardner,Health & Wellness - Therapy,-$110.00,,,,
Arizona Federal Debit Card,8/7/2024,FILIBERTOS (16ST MCDOWE MESA AZ Date 08/06/24 24801974220051308452857 5814,Filiberto's,Restaurants,-$24.00,,,,
Chase Amazon Credit Card,8/7/2024,Panera Bread,Panera Bread,Restaurants,-$3.90,,,,
Chase Amazon Credit Card,8/6/2024,Amazon . com,Amazon . com,Shopping,-$25.11,,,,
Chase Amazon Credit Card,8/6/2024,Panera Bread,Panera Bread,Restaurants,-$7.15,,,,
Chase Amazon Credit Card,8/6/2024,QuikTrip,QuikTrip,Convenience Stores,-$2.29,,,,
Arizona Federal Debit Card,8/5/2024,TYPE: Payment  ID: 9864031004  CO: ATT %% ACH ECC PPD %% ACH Trace 031100206885612,AT&T,Cell Phone,-$96.94,,,,
Arizona Federal Debit Card,8/5/2024,QT 1441 INSIDE PHOENIX AZ Date 08/04/24 24692164218100554351349 5541,QuikTrip,Convenience Stores,-$7.92,,,,
Chase Amazon Credit Card,8/5/2024,QuikTrip,QuikTrip,Convenience Stores,-$7.92,,,,
Arizona Federal Debit Card,8/4/2024,QT 1441 INSIDE PHOENIX AZ Date 08/03/24 24692164217109731494030 5541,QuikTrip,Convenience Stores,-$11.21,,,,
Chase Amazon Credit Card,8/4/2024,Amazon . com,Amazon . com,Shopping,-$54.30,,,,
Chase Amazon Credit Card,8/4/2024,Amazon . com,Amazon . com,Shopping,-$16.11,,,,
Chase Amazon Credit Card,8/4/2024,Amazon . com,Amazon . com,Shopping,-$13.36,,,,
Chase Amazon Credit Card,8/4/2024,mycom/donationalerts.com Amsterdam,mycom/donationalerts.com Amsterdam,Adult Entertainment,-$10.00,,,,
Chase Amazon Credit Card,8/4/2024,Panera Bread,Panera Bread,Restaurants,-$12.79,,,,
Arizona Federal Debit Card,8/3/2024,"NETFLIX, INC. 186-65797172 CA Date 08/03/24 24204294216001601147037 4899","Netflix, Inc.",Subscriptions - Streaming Services,-$16.74,,,,
Arizona Federal Debit Card,8/3/2024,UBER ONE HELP.UBER.COM CA Date 08/03/24 24492154216719519975952 4121,Uber,Subscriptions - Apps,-$9.99,,,,
Arizona Federal Debit Card,8/3/2024,UBER EATS HELP.UBER.COM CA Date 08/03/24 24492154216715532936831 5812,Uber Eats,Food Delivery,-$22.16,,,,
Chase Amazon Credit Card,8/3/2024,Panera Bread,Panera Bread,Restaurants,-$7.15,,,,
Arizona Federal Debit Card,8/2/2024,TYPE: CASH  ID: 1262049351  CO: PENNYMAC NAME: Travis C Balthes %% ACH ECC WEB %% ACH Trace 021000022379359,Pennymac,Mortgage,"-$1,107.55",,,,
Arizona Federal Debit Card,8/2/2024,QT 425 PHOENIX AZ Date 08/01/24 24692164215107909058092 5541,QuikTrip,Convenience Stores,-$6.08,,,,
Chase Amazon Credit Card,8/2/2024,Panera Bread,Panera Bread,Restaurants,-$7.15,,,,
Chase Amazon Credit Card,8/2/2024,QuikTrip,QuikTrip,Convenience Stores,-$11.21,,,,
Arizona Federal Debit Card,8/1/2024,QT 425 PHOENIX AZ Date 07/31/24 24692164214107174740532 5541,QuikTrip,Convenience Stores,-$6.72,,,,
Arizona Federal Debit Card,8/1/2024,UBER EATS HELP.UBER.COM CA Date 08/01/24 24492154214745166302994 5812,Uber Eats,Food Delivery,-$35.16,,,,
Arizona Federal Debit Card,8/1/2024,WALGREENS #4506 SCOTTSDALE AZ Date 07/31/24 24445004214000809911289 5912,Walgreens,Health & Wellness - Prescriptions,-$15.00,,,,
Chase Amazon Credit Card,8/1/2024,Panera Bread,Panera Bread,Restaurants,-$7.15,,,,
Chase Amazon Credit Card,8/1/2024,PlayStation Network ,PlayStation Network ,Subscriptions - Streaming Services,-$10.79,,,,
Arizona Federal Debit Card,7/31/2024,"%% APY Earned  0.10% 07/01/24 to 07/31/24 %% APYE Avg Daily Bal            9,027.72",Interest Income,Interest,,0.77,,,
Arizona Federal Debit Card,7/31/2024,HI LIFE SMOKE AND VAPOR SCOTTSDALE AZ Date 07/30/24 24049554213900018800139 5993,Hi Life Smoke and Vapor,Kratom,-$49.42,,,,
Arizona Federal Debit Card,7/31/2024,QT 1441 INSIDE PHOENIX AZ Date 07/30/24 24692164213106073095130 5541,QuikTrip,Convenience Stores,-$7.92,,,,
Arizona Federal Debit Card,7/31/2024,HI LIFE SMOKE SHOP SCOTTSDALE AZ,Hi Life Smoke Shop,Kratom,-$48.62,,,,
Arizona Federal Debit Card,7/31/2024,TYPE: Payroll  ID: 1730383055 CO: MIDFIRST BANK %% ACH ECC PPD %% ACH Trace 303087992658698,MidFirst Bank,Paycheck,,2849.62,,,
Chase Amazon Credit Card,7/31/2024,Panera Bread,Panera Bread,Restaurants,-$7.15,,,,
Arizona Federal Debit Card,7/30/2024,SQ *DIRECT2RECOVERY 877-417-4551 AZ Date 07/30/24 24692164212105612295558 8099,Direct2Recovery,Health & Wellness - Doctor,-$55.00,,,,
Arizona Federal Debit Card,7/30/2024,QT 425 PHOENIX AZ Date 07/29/24 24692164212105333854394 5541,QuikTrip,Convenience Stores,-$7.92,,,,
Chase Amazon Credit Card,7/30/2024,Amazon . com,Amazon . com,Shopping,-$3.25,,,,
Chase Amazon Credit Card,7/30/2024,American Airlines,American Airlines,Travel,-$667.90,,,,
Chase Amazon Credit Card,7/30/2024,Panera Bread,Panera Bread,Restaurants,-$7.15,,,,
Arizona Federal Debit Card,7/29/2024,UBER EATS HELP.UBER.COM CA Date 07/29/24 24492154211719680601283 5812,Uber Eats,Food Delivery,-$30.82,,,,
Chase Amazon Credit Card,7/29/2024,Panera Bread,Panera Bread,Restaurants,-$7.15,,,,
Arizona Federal Debit Card,7/28/2024,UBER EATS HELP.UBER.COM CA Date 07/28/24 24492154210715530896561 5812,Uber Eats,Food Delivery,-$32.81,,,,
Chase Amazon Credit Card,7/28/2024,Panera Bread,Panera Bread,Restaurants,-$7.15,,,,
Arizona Federal Debit Card,7/27/2024,Hand and Stone Massage 7620 E Indian AZ Date 07/27/24 24793384209001666188020 8099,Hand & Stone Massage,Health & Wellness - Massage,-$64.00,,,,
Arizona Federal Debit Card,7/27/2024,QT 1408 PHOENIX AZ Date 07/26/24 24692164209102808117725 5542,QuikTrip,Gas & Fuel,-$44.15,,,,
Arizona Federal Debit Card,7/27/2024,QT 1408 PHOENIX AZ Date 07/26/24 24692164209102808008197 5541,QuikTrip,Convenience Stores,-$5.63,,,,
Arizona Federal Debit Card,7/27/2024,CIRCLE K 01974 PHOENIX AZ Date 07/26/24 24692164209102408091510 5499,Circle K,Convenience Stores,-$3.85,,,,
Chase Amazon Credit Card,7/27/2024,Panera Bread,Panera Bread,Restaurants,-$7.15,,,,
Chase Amazon Credit Card,7/27/2024,PlayStation Network ,PlayStation Network ,Subscriptions - Streaming Services,-$14.04,,,,
Arizona Federal Debit Card,7/26/2024,HI LIFE SMOKE SHOP SCOTTSDALE AZ,Hi Life Smoke Shop,Kratom,-$50.62,,,,
Arizona Federal Debit Card,7/26/2024,QT 425 PHOENIX AZ Date 07/25/24 24692164208101937749383 5541,QuikTrip,Convenience Stores,-$7.92,,,,
Chase Amazon Credit Card,7/26/2024,Audible,Audible,Subscriptions - Apps,-$16.24,,,,
Chase Amazon Credit Card,7/26/2024,Panera Bread,Panera Bread,Restaurants,-$7.15,,,,
Arizona Federal Debit Card,7/25/2024,NNT MOJO YOGURT 761755 2000 E RIO SALADO #1065 TEMPE AZ,Mojo Yogurt,Restaurants,-$9.60,,,,
Arizona Federal Debit Card,7/25/2024,TYPE: PAYMENTS  ID: 1860011170 CO: APS electric pmt %% ACH ECC PPD %% ACH Trace 021000020108544,Arizona Public Service (APS),Utilities - Electricity,-$193.52,,,,
Arizona Federal Debit Card,7/25/2024,TYPE: BILLPAY  ID: 4880085720 CO: SOUTHWEST GAS %% ACH ECC PPD %% ACH Trace 042000014999998,Southwest Gas,Utilities - Gas,-$34.25,,,,
Arizona Federal Debit Card,7/25/2024,USPS PO 03638200 5021 N 2 PHOENIX AZ,United States Postal Service (USPS),Travel,-$9.85,,,,
Arizona Federal Debit Card,7/25/2024,Check 00 10666667 Disbursed 241.36 %% TlrTrn Trancode Fee      3.00  KD,US Passport Office,Travel,-$244.36,,,,
Arizona Federal Debit Card,7/25/2024,QT 425 PHOENIX AZ Date 07/24/24 24692164207101083604953 5541,QuikTrip,Convenience Stores,-$7.92,,,,
Arizona Federal Debit Card,7/25/2024,QT 435 PHOENIX AZ Date 07/24/24 24692164207101013372143 5541,QuikTrip,Convenience Stores,-$8.87,,,,
Chase Amazon Credit Card,7/25/2024,Panera Bread,Panera Bread,Restaurants,-$7.15,,,,
Arizona Federal Debit Card,7/24/2024,aliexpress 408-7855580 CA Date 07/24/24 24204294206002140444028 5311,AliExpress,Hobbies,-$22.82,,,,
Arizona Federal Debit Card,7/24/2024,QT 1441 INSIDE PHOENIX AZ Date 07/23/24 24692164206100225299459 5541,QuikTrip,Convenience Stores,-$7.92,,,,
Arizona Federal Debit Card,7/24/2024,COINBASE https://www.f CA Date 07/23/24 24116414206037870889878 6051,Coinbase,Miscellaneous,-$30.00,,,,
Arizona Federal Debit Card,7/24/2024,COINBASE https://www.f CA Date 07/23/24 24116414206037870888250 6051,Coinbase,Miscellaneous,-$300.00,,,,
Arizona Federal Debit Card,7/24/2024,TYPE: CASHOUT  ID: 5264681992  CO: VENMO %% ACH ECC PPD %% ACH Trace 091000013176063,Venmo,Miscellaneous,,164.19,,,
Chase Amazon Credit Card,7/24/2024,Panera Bread,Panera Bread,Restaurants,-$7.15,,,,
Chase Amazon Credit Card,7/24/2024,PlayStation Network ,PlayStation Network ,Subscriptions - Streaming Services,-$8.64,,,,
Arizona Federal Debit Card,7/23/2024,QT 425 PHOENIX AZ Date 07/22/24 24692164205109345346166 5541,QuikTrip,Convenience Stores,-$7.92,,,,
Arizona Federal Debit Card,7/23/2024,SUNNYSIDE SMOKE & VAPE PHOENIX AZ Date 07/22/24 24055224205036632496680 5993,Sunnyside Smoke & Vape,Kratom,-$43.43,,,,
Arizona Federal Debit Card,7/23/2024,"TYPE: WEB PYMT  ID: 5911111111 CO: CARDMEMBER SERV NAME: BALTHES,TRAVIS C    54 %% ACH ECC WEB %% ACH Trace 042000014714404",,,-$64.00,,,,
Chase Amazon Credit Card,7/23/2024,Panera Bread,Panera Bread,Restaurants,-$7.15,,,,
Chase Amazon Credit Card,7/22/2024,YouTube Premium,YouTube Premium,Subscriptions - Apps,-$15.11,,,,
Chase Amazon Credit Card,7/22/2024,Panera Bread,Panera Bread,Restaurants,-$7.15,,,,
Chase Amazon Credit Card,7/22/2024,Uber Eats,Uber Eats,Food Delivery,-$22.62,,,,
Arizona Federal Debit Card,7/21/2024,Voucher  LEMONADE I* LEMONADE I LEMONADE.COM NY Date 07/20/24 24011344203000061099804 6300,Lemonade,Insurance - Renters,,4.06,,,
Arizona Federal Debit Card,7/21/2024,QT 1441 INSIDE PHOENIX AZ Date 07/20/24 24692164203107544111243 5541,QuikTrip,Convenience Stores,-$7.92,,,,
Arizona Federal Debit Card,7/21/2024,HI LIFE SMOKE AND VAPOR SCOTTSDALE AZ Date 07/20/24 24049554203900017800181 5993,Hi Life Smoke and Vapor,Kratom,-$49.42,,,,
Arizona Federal Debit Card,7/21/2024,Personal Branch Transaction 07/21/2024 12:11 303929 Zelle Paula Whipple 602-683-1000 Ref:420300B06EL4,Zelle,Miscellaneous,,75,,,
Chase Amazon Credit Card,7/21/2024,Amazon . com,Amazon . com,Shopping,-$61.86,,,,
Chase Amazon Credit Card,7/21/2024,Panera Bread,Panera Bread,Restaurants,-$7.15,,,,
Chase Amazon Credit Card,7/21/2024,QuikTrip,QuikTrip,Convenience Stores,-$6.08,,,,
Arizona Federal Debit Card,7/20/2024,Amazon.com*RJ00I9CM2 Amzn.com/bill WA Date 07/20/24 24692164202106566828222 5942,Amazon.com,Shopping,-$10.01,,,,
Arizona Federal Debit Card,7/20/2024,QT 1441 INSIDE PHOENIX AZ Date 07/19/24 24692164202106133056059 5541,QuikTrip,Convenience Stores,-$6.08,,,,
Chase Amazon Credit Card,7/20/2024,Panera Bread,Panera Bread,Restaurants,-$7.15,,,,
Chase Amazon Credit Card,7/20/2024,Uber Eats,Uber Eats,Food Delivery,-$24.04,,,,
Arizona Federal Debit Card,7/19/2024,TYPE: SPEEDPAY  ID: 9282505000 CO: LumenCenturyLink %% ACH ECC PPD %% ACH Trace 021000023141210,Lumen CenturyLink,Internet,-$65.00,,,,
Arizona Federal Debit Card,7/19/2024,EYECARE PLUS SCOTTSDALE AZ Date 07/18/24 24247604201500724636517 8042,Eyecare Plus,Health & Wellness - Eyecare,-$225.99,,,,
Chase Amazon Credit Card,7/19/2024,Panera Bread,Panera Bread,Restaurants,-$7.15,,,,
Chase Amazon Credit Card,7/18/2024,Panera Bread,Panera Bread,Restaurants,-$7.15,,,,
Chase Amazon Credit Card,7/18/2024,PHOTOAID ,PHOTOAID ,Travel,-$19.95,,,,
Chase Amazon Credit Card,7/18/2024,QuikTrip,QuikTrip,Convenience Stores,-$7.92,,,,
Chase Amazon Credit Card,7/18/2024,Walgreens,Walgreens,Health & Wellness - Prescriptions,-$75.00,,,,
Arizona Federal Debit Card,7/17/2024,TYPE: INS PREM  ID: 1360719665 DATA: ACH.EZPR03010 Q  NAME: WHIPPLE CO: ALLSTATE V&P INS %% ACH ECC WEB %% ACH Trace 021000023151992,All State Insurance,Insurance - Home Owners,-$112.05,,,,
Arizona Federal Debit Card,7/17/2024,QT 1441 INSIDE PHOENIX AZ Date 07/16/24 24692164199103817413487 5541,QuikTrip,Convenience Stores,-$7.92,,,,
Arizona Federal Debit Card,7/17/2024,Voucher  GOOGLE *Disney Mobile g.co/helppay# CA Date 07/17/24 74692164199103780562083 5734,Disney Plus,Subscriptions - Streaming Services,,19.44,,,
Arizona Federal Debit Card,7/17/2024,PANERA BREAD #601829 O 602-274-0290 AZ Date 07/17/24 24692164199103427898135 5814,Panera Bread,Restaurants,-$7.15,,,,
Chase Amazon Credit Card,7/17/2024,Amazon . com,Amazon . com,Shopping,-$9.76,,,,
Chase Amazon Credit Card,7/17/2024,Amazon . com,Amazon . com,Shopping,-$24.89,,,,
Chase Amazon Credit Card,7/17/2024,Amazon . com,Amazon . com,Shopping,-$8.68,,,,
Chase Amazon Credit Card,7/17/2024,QuikTrip,QuikTrip,Convenience Stores,-$7.92,,,,
Chase Amazon Credit Card,7/17/2024,Uber Eats,Uber Eats,Food Delivery,-$29.78,,,,
Arizona Federal Debit Card,7/16/2024,Hand and Stone Massage 762-0 AZ Date 07/16/24 24793384198001619920035 8099,Hand & Stone Massage,Health & Wellness - Massage,-$79.95,,,,
Arizona Federal Debit Card,7/16/2024,#071624018669  DRSMALLWOOD.COM DRSMALLWOO150 E PALMETT BOCA RATON FL,Constructive Psychiatry,Health & Wellness - Doctor,-$55.00,,,,
Arizona Federal Debit Card,7/16/2024,TYPE: INS PREM  ID: 9409348096 DATA: BRANCH05DEBIT  ACH CO: PROG PREFERRED %% ACH ECC PPD %% ACH Trace 021000023941434,Progressive Insurance,Insurance - Vehicle,-$194.75,,,,
Arizona Federal Debit Card,7/16/2024,QT 1441 OUTSIDE PHOENIX AZ,QuikTrip,Gas & Fuel,-$34.02,,,,
Arizona Federal Debit Card,7/16/2024,ADOBE *ADOBE 408-536-6000 CA Date 07/16/24 24492154198743643949081 5734,Adobe,Subscriptions - Apps,-$37.81,,,,
Arizona Federal Debit Card,7/16/2024,QT 1441 INSIDE PHOENIX AZ Date 07/15/24 24692164198102843157978 5541,QuikTrip,Convenience Stores,-$7.92,,,,
Arizona Federal Debit Card,7/16/2024,GOOGLE *Disney Mobile g.co/helppay# CA Date 07/16/24 24692164198102565417907 5734,Disney Plus,Subscriptions - Streaming Services,-$19.44,,,,
Arizona Federal Debit Card,7/16/2024,PANERA BREAD #601829 O 602-274-0290 AZ Date 07/16/24 24692164198102537900352 5814,Panera Bread,Restaurants,-$7.15,,,,
Arizona Federal Debit Card,7/16/2024,GOOGLE *Perplexity AI g.co/helppay# CA Date 07/16/24 24692164198102487607288 7372,Perplexity AI,Subscriptions - Apps,-$21.60,,,,
Arizona Federal Debit Card,7/16/2024,CIRCLE K 01974 PHOENIX AZ Date 07/15/24 24692164198102464960346 5499,Circle K,Convenience Stores,-$11.62,,,,
Arizona Federal Debit Card,7/16/2024,GOOGLE *Telegram g.co/helppay# CA Date 07/15/24 24692164197102432853921 5734,Google,Subscriptions - Apps,-$5.39,,,,
Arizona Federal Debit Card,7/15/2024,TYPE: PAYMENT  ID: 4866000256 CO: CITY PHX WATER %% ACH ECC PPD %% ACH Trace 021000021384352,City of Phoenix Water Services,Utilities - Water,-$52.61,,,,
Arizona Federal Debit Card,7/15/2024,TYPE: Payroll  ID: 1730383055 CO: MIDFIRST BANK %% ACH ECC PPD %% ACH Trace 303087990478131,MidFirst Bank,Paycheck,,2849.63,,,
Arizona Federal Debit Card,7/15/2024,PANERA BREAD #601829 O 602-274-0290 AZ Date 07/15/24 24692164197101695633335 5814,Panera Bread,Restaurants,-$7.15,,,,
Arizona Federal Debit Card,7/15/2024,THAI BASIL TEMPE AZ Date 07/14/24 24013394196003191517531 5812,Thai Basil,Restaurants,-$67.13,,,,
Arizona Federal Debit Card,7/14/2024,GOOGLE *Spotify 855-836-3987 CA Date 07/14/24 24692164196101510519926 5734,Spotify,Subscriptions - Streaming Services,-$12.95,,,,
Arizona Federal Debit Card,7/14/2024,Withdrawal Transfer To Loan 0301,AZFCU,Car Payment,-$342.80,,,,
Arizona Federal Debit Card,7/14/2024,PANERA BREAD #601829 O 602-274-0290 AZ Date 07/14/24 24692164196100978402302 5814,Panera Bread,Restaurants,-$7.15,,,,
Arizona Federal Debit Card,7/14/2024,SUSHI TOKORO PHOENIX AZ Date 07/14/24 24707804196030113069175 5812,Sushi Tokoro,Restaurants,-$57.75,,,,
Arizona Federal Debit Card,7/13/2024,Canva* 04212-0825741 737-2853388 DE Date 07/14/24 24793384196001100266064 7333,Canva,Subscriptions - Apps,-$14.99,,,,
Arizona Federal Debit Card,7/13/2024,PANERA BREAD #601829 O 602-274-0290 AZ Date 07/13/24 24692164195100193550878 5814,Panera Bread,Restaurants,-$7.15,,,,
Arizona Federal Debit Card,7/13/2024,PANERA SIP CLUB 601829 602-274-0290 AZ Date 07/13/24 24692164195100193550670 5814,Panera Bread,Restaurants,-$16.28,,,,
Arizona Federal Debit Card,7/12/2024,QT 435 PHOENIX AZ Date 07/11/24 24692164194102637477099 5541,QuikTrip,Convenience Stores,-$7.92,,,,
Arizona Federal Debit Card,7/12/2024,UBER EATS HELP.UBER.COM CA Date 07/12/24 24492154194743952906155 5812,Uber Eats,Food Delivery,-$25.07,,,,
Arizona Federal Debit Card,7/12/2024,PANERA BREAD #601829 O 602-274-0290 AZ Date 07/12/24 24692164194102223283729 5814,Panera Bread,Restaurants,-$6.06,,,,
Arizona Federal Debit Card,7/12/2024,LEMONADE I* LEMONADE I LEMONADE.COM NY Date 07/12/24 24011344194000039899823 6300,Lemonade,Insurance - Renters,-$6.50,,,,
Arizona Federal Debit Card,7/11/2024,QT 425 PHOENIX AZ Date 07/10/24 24692164193101762102457 5541,QuikTrip,Convenience Stores,-$4.13,,,,
Arizona Federal Debit Card,7/11/2024,PANERA BREAD #601829 O 602-274-0290 AZ Date 07/11/24 24692164193101360965008 5814,Panera Bread,Restaurants,-$7.15,,,,
Arizona Federal Debit Card,7/11/2024,2LEVY@DESERTDIAMONDAREN GLENDALE AZ Date 07/10/24 24943004193016276421786 5814,Desert Diamond Casino,Enterntainment,-$43.07,,,,
Arizona Federal Debit Card,7/11/2024,SNOOZESTER.COM UNLMTD HTTPSSNOOZEST DE Date 07/11/24 24492164193000017371325 5734,Snoozester,Subscriptions - Apps,-$6.99,,,,
Arizona Federal Debit Card,7/10/2024,QT 1441 INSIDE PHOENIX AZ Date 07/09/24 24692164192100902360661 5541,QuikTrip,Convenience Stores,-$7.92,,,,
Arizona Federal Debit Card,7/10/2024,UBER EATS HELP.UBER.COM CA Date 07/10/24 24492154192715624099405 5812,Uber Eats,Food Delivery,-$19.70,,,,
Arizona Federal Debit Card,7/10/2024,PANERA BREAD #601829 O 602-274-0290 AZ Date 07/10/24 24692164192100499085325 5814,Panera Bread,Restaurants,-$7.15,,,,
Arizona Federal Debit Card,7/10/2024,PP*GOOGLE GOOGLE STORAG 402-935-7733 CA Date 07/08/24 24036384192071779319628 5815,Google Storage,Subscriptions - Apps,-$21.60,,,,
Chase Amazon Credit Card,7/10/2024,Amazon . com,Amazon . com,Shopping,-$8.68,,,,
Arizona Federal Debit Card,7/9/2024,TYPE: AUTOPAY  ID: 4760039224 CO: CHASE CREDIT CRD %% ACH ECC PPD %% ACH Trace 021000021595146,Chase Credit Card,Credit Card Payment,"-$1,410.04",,,,
Arizona Federal Debit Card,7/9/2024,QT 425 PHOENIX AZ Date 07/08/24 24692164191100072431863 5541,QuikTrip,Convenience Stores,-$7.92,,,,
Arizona Federal Debit Card,7/9/2024,PANERA BREAD #601829 O 602-274-0290 AZ Date 07/09/24 24692164191109735388022 5814,Panera Bread,Restaurants,-$7.15,,,,
Arizona Federal Debit Card,7/8/2024,QT 1441 INSIDE PHOENIX AZ Date 07/07/24 24692164190109264310737 5541,QuikTrip,Convenience Stores,-$7.26,,,,
Arizona Federal Debit Card,7/8/2024,PANERA BREAD #601829 O 602-274-0290 AZ Date 07/08/24 24692164190108929374880 5814,Panera Bread,Restaurants,-$7.15,,,,
Arizona Federal Debit Card,7/8/2024,CIRCLE K 01974 PHOENIX AZ Date 07/07/24 24692164190108858569070 5499,Circle K,Convenience Stores,-$6.04,,,,
Chase Amazon Credit Card,7/8/2024,AUTOMATIC PAYMENT - THANK YOU,AUTOMATIC PAYMENT - THANK YOU,Credit Card Payment,"$1,410.04",,,,
Arizona Federal Debit Card,7/7/2024,QT 1441 INSIDE PHOENIX AZ Date 07/06/24 24692164189108490130094 5541,QuikTrip,Convenience Stores,-$7.92,,,,
Arizona Federal Debit Card,7/7/2024,PANERA BREAD #601829 O 602-274-0290 AZ Date 07/07/24 24692164189108141193889 5814,Panera Bread,Restaurants,-$7.15,,,,
Arizona Federal Debit Card,7/7/2024,TST* THAI RECIPE BISTRO 602-262-5454 AZ Date 07/07/24 24692164189108429659049 5812,Thai Recipe Bistro,Restaurants,-$36.21,,,,
Arizona Federal Debit Card,7/6/2024,HAND AND STONE 87TH S SCOTTSDALE AZ Date 07/05/24 24632694188001023602608 7298,Hand & Stone Massage,Health & Wellness - Massage,-$125.00,,,,
Arizona Federal Debit Card,7/6/2024,UBER *TRIP San Francisco CA,Uber,Food Delivery,-$8.90,,,,
Arizona Federal Debit Card,7/6/2024,QT 1441 INSIDE PHOENIX AZ Date 07/05/24 24692164188107634586535 5541,QuikTrip,Convenience Stores,-$4.34,,,,
Arizona Federal Debit Card,7/6/2024,QT 1441 INSIDE PHOENIX AZ Date 07/05/24 24692164188107634586527 5541,QuikTrip,Convenience Stores,-$7.99,,,,
Arizona Federal Debit Card,7/6/2024,PANERA BREAD #601829 O 602-274-0290 AZ Date 07/06/24 24692164188107308911274 5814,Panera Bread,Restaurants,-$7.15,,,,
Arizona Federal Debit Card,7/6/2024,WALGREENS #4506 800-289-2273 AZ Date 07/05/24 24445004188000763850871 5912,Walgreens,Health & Wellness - Prescriptions,-$15.00,,,,
Arizona Federal Debit Card,7/5/2024,CIRCLE K 01974 PHOENIX AZ,Circle K,Gas & Fuel,-$40.98,,,,
Arizona Federal Debit Card,7/5/2024,QT 1441 INSIDE PHOENIX AZ Date 07/05/24 24692164187107071267962 5541,QuikTrip,Convenience Stores,-$7.92,,,,
Arizona Federal Debit Card,7/5/2024,CLEAN MACHINE CAR WASH 602-900-1731 AZ Date 07/04/24 24801974187020486126865 7542,Clean Machine Car Wash,Auto Maintenance,-$34.95,,,,
Arizona Federal Debit Card,7/5/2024,TYPE: Payment  ID: 9864031004  CO: ATT %% ACH ECC PPD %% ACH Trace 031100204866427,AT&T,Cell Phone,-$96.89,,,,
Arizona Federal Debit Card,7/5/2024,SQ *ALMA*929I7N gosq.com NY Date 07/05/24 24692164187106740672644 8099,Alma - Paul Gardner,Health & Wellness - Therapy,-$55.00,,,,
Arizona Federal Debit Card,7/5/2024,PANERA BREAD #601829 O 602-274-0290 AZ Date 07/05/24 24692164187106487633288 5814,Panera Bread,Restaurants,-$6.06,,,,
Arizona Federal Debit Card,7/5/2024,THE JOINT SMOKE SHOP A PHOENIX AZ Date 07/04/24 24055224187020004326214 5499,The Joint Smoke Shop,Kratom,-$50.42,,,,
Arizona Federal Debit Card,7/4/2024,QT 435 PHOENIX AZ Date 07/03/24 24692164186106083244937 5541,QuikTrip,Convenience Stores,-$7.92,,,,
Arizona Federal Debit Card,7/4/2024,UBER EATS HELP.UBER.COM CA Date 07/04/24 24492154186719682735163 5812,Uber Eats,Food Delivery,-$33.75,,,,
Arizona Federal Debit Card,7/4/2024,QT 435 PHOENIX AZ Date 07/02/24 24692164186106080153487 5541,QuikTrip,Convenience Stores,-$4.91,,,,
Arizona Federal Debit Card,7/4/2024,PANERA BREAD #601829 O 602-274-0290 AZ Date 07/04/24 24692164186105734248446 5814,Panera Bread,Restaurants,-$6.06,,,,
Arizona Federal Debit Card,7/4/2024,SUNNYSIDE SMOKE & VAPE PHOENIX AZ Date 07/03/24 24055224186018862658893 5993,Sunnyside Smoke & Vape,Kratom,-$59.91,,,,
Arizona Federal Debit Card,7/3/2024,HI LIFE SMOKE AND VAPOR SCOTTSDALE AZ Date 07/02/24 24049554185900015900183 5993,Hi Life Smoke and Vapor,Kratom,-$49.42,,,,
Arizona Federal Debit Card,7/3/2024,QT 1441 INSIDE PHOENIX AZ Date 07/02/24 24692164185105194406048 5541,QuikTrip,Convenience Stores,-$7.92,,,,
Arizona Federal Debit Card,7/3/2024,PANERA BREAD #601829 O 602-274-0290 AZ Date 07/03/24 24692164185104857481976 5814,Panera Bread,Restaurants,-$3.90,,,,
Arizona Federal Debit Card,7/2/2024,SQ *DIRECT2RECOVERY 877-417-4551 AZ Date 07/02/24 24692164184104505104963 8099,Direct2Recovery,Health & Wellness - Doctor,-$55.00,,,,
Arizona Federal Debit Card,7/2/2024,TYPE: CASH  ID: 1262049351  CO: PENNYMAC NAME: Travis C Balthes %% ACH ECC WEB %% ACH Trace 021000028466823,Pennymac,Mortgage,"-$1,107.55",,,,
Arizona Federal Debit Card,7/2/2024,QT 425 PHOENIX AZ Date 07/01/24 24692164184104294979187 5541,QuikTrip,Convenience Stores,-$7.92,,,,
Arizona Federal Debit Card,7/2/2024,QT 435 PHOENIX AZ Date 07/01/24 24692164184104300588303 5541,QuikTrip,Convenience Stores,-$11.21,,,,
Arizona Federal Debit Card,7/2/2024,PANERA BREAD #601829 O 602-274-0290 AZ Date 07/02/24 24692164184103961538722 5814,Panera Bread,Restaurants,-$7.15,,,,
Arizona Federal Debit Card,7/2/2024,CIRCLE K 01974 PHOENIX AZ Date 06/30/24 24692164184103884846749 5499,Circle K,Convenience Stores,-$3.05,,,,
Arizona Federal Debit Card,7/2/2024,SUNNYSIDE SMOKE & VAPE PHOENIX AZ Date 07/01/24 24055224184016923566537 5993,Sunnyside Smoke & Vape,Kratom,-$39.94,,,,
Arizona Federal Debit Card,7/2/2024,GOOGLE *ChatGPT 855-836-3987 CA Date 07/02/24 24692164184104595449021 7372,ChatGPT,Subscriptions - Apps,-$21.60,,,,
Arizona Federal Debit Card,7/1/2024,QT 1441 INSIDE PHOENIX AZ Date 06/30/24 24692164183103391943535 5541,QuikTrip,Convenience Stores,-$7.92,,,,
Arizona Federal Debit Card,7/1/2024,QT 1408 PHOENIX AZ Date 07/01/24 24692164183103328855109 5541,QuikTrip,Convenience Stores,-$5.58,,,,
Arizona Federal Debit Card,7/1/2024,PANERA BREAD #601829 O 602-274-0290 AZ Date 07/01/24 24692164183103022518060 5814,Panera Bread,Restaurants,-$6.06,,,,
Arizona Federal Debit Card,7/1/2024,CIRCLE K 01974 PHOENIX AZ Date 06/30/24 24692164183102958009086 5499,Circle K,Convenience Stores,-$3.05,,,,
Arizona Federal Debit Card,7/1/2024,CIRCLE K 01974 PHOENIX AZ Date 06/29/24 24692164183102958006447 5499,Circle K,Convenience Stores,-$10.22,,,,
Chase Amazon Credit Card,7/1/2024,Amazon . com,Amazon . com,Shopping,-$48.90,,,,
Chase Amazon Credit Card,7/1/2024,PlayStation Network ,PlayStation Network ,Hobbies,-$10.79,,,,
Chase Amazon Credit Card,6/30/2024,Amazon . com,Amazon . com,Shopping,-$3.25,,,,
Arizona Federal Debit Card,6/30/2024,"%% APY Earned  0.12% 06/01/24 to 06/30/24 %% APYE Avg Daily Bal           10,077.05",Interest Income,Interest,,0.99,,,
Arizona Federal Debit Card,6/30/2024,WEB*BLUEHOST.COM 888-4014678 UT Date 06/29/24 24906414181203419257596 5968,Bluehost,Hobbies,-$15.99,,,,
Arizona Federal Debit Card,6/30/2024,QT 1441 OUTSIDE PHOENIX AZ,QuikTrip,Gas & Fuel,-$30.66,,,,
Arizona Federal Debit Card,6/30/2024,QT 1441 INSIDE PHOENIX AZ Date 06/29/24 24692164182102515374719 5541,QuikTrip,Convenience Stores,-$8.52,,,,
Arizona Federal Debit Card,6/30/2024,HI LIFE SMOKE AND VAPOR SCOTTSDALE AZ Date 06/29/24 24049554182900015600380 5993,Hi Life Smoke and Vapor,Kratom,-$49.42,,,,
Arizona Federal Debit Card,6/30/2024,PANERA BREAD #601829 O 602-274-0290 AZ Date 06/30/24 24692164182102166097338 5814,Panera Bread,Restaurants,-$7.15,,,,
Arizona Federal Debit Card,6/30/2024,NNT THE JOINT SMOKE002673 2530 N 7TH ST #101 PHOENIX AZ,The Joint Smoke Shop,Kratom,-$54.15,,,,
Arizona Federal Debit Card,6/29/2024,QT 1441 INSIDE PHOENIX AZ Date 06/28/24 24692164181101602274064 5541,QuikTrip,Convenience Stores,-$11.21,,,,
Arizona Federal Debit Card,6/29/2024,NETFLIX.COM NETFLIX.COM CA Date 06/29/24 24692164181101594320495 4899,"Netflix, Inc.",Subscriptions - Streaming Services,-$16.74,,,,
Arizona Federal Debit Card,6/29/2024,PANERA BREAD #601829 O 602-274-0290 AZ Date 06/29/24 24692164181101257149207 5814,Panera Bread,Restaurants,-$7.15,,,,
Arizona Federal Debit Card,6/28/2024,QT 435 PHOENIX AZ Date 06/27/24 24692164180100735403310 5541,QuikTrip,Convenience Stores,-$7.92,,,,
Arizona Federal Debit Card,6/28/2024,HI LIFE SMOKE AND VAPOR SCOTTSDALE AZ Date 06/27/24 24049554180900015400213 5993,Hi Life Smoke and Vapor,Kratom,-$98.85,,,,
Arizona Federal Debit Card,6/28/2024,UBER EATS HELP.UBER.COM CA Date 06/28/24 24492154180715661544796 5812,Uber Eats,Food Delivery,-$23.83,,,,
Arizona Federal Debit Card,6/28/2024,PANERA BREAD #601829 O 602-274-0290 AZ Date 06/28/24 24692164180100341451315 5814,Panera Bread,Restaurants,-$7.15,,,,
Arizona Federal Debit Card,6/28/2024,TYPE: Payroll  ID: 1730383055 CO: MIDFIRST BANK %% ACH ECC PPD %% ACH Trace 303087996116250,MidFirst Bank,Paycheck,,2849.62,,,
Arizona Federal Debit Card,6/28/2024,CIRCLE K 01974 PHOENIX AZ Date 06/26/24 24692164180100264001691 5499,Circle K,Convenience Stores,-$0.86,,,,
Arizona Federal Debit Card,6/27/2024,QT 425 PHOENIX AZ Date 06/26/24 24692164179109892156671 5541,QuikTrip,Convenience Stores,-$6.08,,,,
Arizona Federal Debit Card,6/27/2024,QT 435 PHOENIX AZ Date 06/26/24 24692164179109877675166 5541,QuikTrip,Convenience Stores,-$6.08,,,,
Arizona Federal Debit Card,6/27/2024,PANERA BREAD #601829 O 602-274-0290 AZ Date 06/27/24 24692164179109494298897 5814,Panera Bread,Restaurants,-$7.15,,,,
Arizona Federal Debit Card,6/27/2024,UBER EATS HELP.UBER.COM CA Date 06/27/24 24492154179003774671902 5812,Uber Eats,Food Delivery,-$25.72,,,,
Arizona Federal Debit Card,6/27/2024,UBER ONE HELP.UBER.COM CA Date 06/27/24 24492154179003766629363 4121,Uber,Subscriptions - Apps,-$9.99,,,,
Chase Amazon Credit Card,6/26/2024,Audible,Audible,Subscriptions - Apps,-$16.24,,,,
Arizona Federal Debit Card,6/26/2024,TYPE: PAYMENTS  ID: 1860011170 CO: APS electric pmt %% ACH ECC PPD %% ACH Trace 021000020892664,Arizona Public Service (APS),Utilities - Electricity,-$193.52,,,,
Arizona Federal Debit Card,6/26/2024,QT 1441 INSIDE PHOENIX AZ Date 06/25/24 24692164178109045625110 5541,QuikTrip,Convenience Stores,-$6.08,,,,
Arizona Federal Debit Card,6/26/2024,PANERA BREAD #601829 O 602-274-0290 AZ Date 06/26/24 24692164178108637541768 5814,Panera Bread,Restaurants,-$7.15,,,,
Arizona Federal Debit Card,6/26/2024,SALAD AND GO #1119 PHOENIX AZ Date 06/25/24 24431064178007479459154 5814,Salad and Go,Restaurants,-$8.68,,,,
Arizona Federal Debit Card,6/25/2024,HI LIFE SMOKE SHOP SCOTTSDALE AZ,Hi Life Smoke Shop,Kratom,-$48.61,,,,
Arizona Federal Debit Card,6/25/2024,TYPE: PAYMENT  ID: 3264681992  CO: VENMO NAME: TRAVIS CHRISTOPHER %% ACH ECC WEB %% ACH Trace 091000018667140,Venmo,Hobbies,-$55.00,,,,
Arizona Federal Debit Card,6/25/2024,TYPE: BILLPAY  ID: 4880085720 CO: SOUTHWEST GAS %% ACH ECC PPD %% ACH Trace 042000016503349,Southwest Gas,Utilities - Gas,-$36.05,,,,
Arizona Federal Debit Card,6/25/2024,QT 435 PHOENIX AZ Date 06/24/24 24692164177108167533715 5541,QuikTrip,Convenience Stores,-$6.08,,,,
Arizona Federal Debit Card,6/25/2024,QT 425 PHOENIX AZ Date 06/24/24 24692164177108166527056 5541,QuikTrip,Convenience Stores,-$6.08,,,,
Arizona Federal Debit Card,6/25/2024,PETCO.COM 6989 858-453-7845 CA Date 06/24/24 24431064177006861304474 5995,Petco,Hobbies,-$39.02,,,,
Arizona Federal Debit Card,6/25/2024,PANERA BREAD #601829 O 602-274-0290 AZ Date 06/25/24 24692164177107845345955 5814,Panera Bread,Restaurants,-$7.15,,,,
Chase Amazon Credit Card,6/24/2024,PlayStation Network ,PlayStation Network ,Subscriptions - Streaming Services,-$8.64,,,,
Arizona Federal Debit Card,6/24/2024,"TYPE: WEB PYMT  ID: 5911111111 CO: CARDMEMBER SERV NAME: BALTHES,TRAVIS C    53 %% ACH ECC WEB %% ACH Trace 042000016398517",Unknown,,-$68.00,,,,
Arizona Federal Debit Card,6/24/2024,TYPE: PAYMENT  ID: 3264681992  CO: VENMO NAME: TRAVIS CHRISTOPHER %% ACH ECC WEB %% ACH Trace 091000016260824,Venmo,Hobbies,-$71.91,,,,
Arizona Federal Debit Card,6/24/2024,QT 435 OUTSIDE PHOENIX AZ,QuikTrip,Gas & Fuel,-$43.86,,,,
Arizona Federal Debit Card,6/24/2024,GOOGLE *Grindr LLC 855-836-3987 CA Date 06/24/24 24692164176107123925933 7372,"Grindr, Inc.",Subscriptions - Apps,-$21.60,,,,
Arizona Federal Debit Card,6/24/2024,PANERA BREAD #601829 O 602-274-0290 AZ Date 06/24/24 24692164176107041168012 5814,Panera Bread,Restaurants,-$7.15,,,,
Arizona Federal Debit Card,6/24/2024,HI LIFE SMOKE AND VAPOR SCOTTSDALE AZ Date 06/23/24 24049554175900015000119 5993,Hi Life Smoke and Vapor,Kratom,-$98.85,,,,
Chase Amazon Credit Card,6/23/2024,Amazon . com,Amazon . com,Shopping,-$59.72,,,,
Arizona Federal Debit Card,6/23/2024,PETCO 575 PHOENIX AZ,Petco,Hobbies,-$34.83,,,,
Arizona Federal Debit Card,6/23/2024,aliexpress 408-7855580 CA Date 06/23/24 24204294175002074908060 5310,AliExpress,Hobbies,-$17.75,,,,
Arizona Federal Debit Card,6/23/2024,PANERA BREAD #601829 O 602-274-0290 AZ Date 06/23/24 24692164175106238071303 5814,Panera Bread,Restaurants,-$7.15,,,,
Arizona Federal Debit Card,6/23/2024,CIRCLE K 01974 PHOENIX AZ Date 06/21/24 24692164175106158361502 5499,Circle K,Convenience Stores,-$0.86,,,,
Arizona Federal Debit Card,6/22/2024,WWW.AMERICANVALET.COM WWW.AMERICANV AZ Date 06/22/24 24011344175000000441558 7523,American Valet,Auto - Parking,-$6.16,,,,
Arizona Federal Debit Card,6/22/2024,WWW.AMERICANVALET.COM WWW.AMERICANV AZ Date 06/22/24 24011344174000061365606 7523,American Valet,Auto - Parking,-$15.39,,,,
Arizona Federal Debit Card,6/22/2024,SQ *DARK SKY BREWING CO Flagstaff AZ Date 06/22/24 24692164174106099304067 5813,Dark Sky Brewing Co.,Travel,-$24.24,,,,
Arizona Federal Debit Card,6/22/2024,QT 418 OUTSIDE PHOENIX AZ,QuikTrip,Gas & Fuel,-$31.69,,,,
Arizona Federal Debit Card,6/22/2024,PANERA BREAD #601829 O 602-274-0290 AZ Date 06/22/24 24692164174105393263391 5814,Panera Bread,Restaurants,-$7.15,,,,
Arizona Federal Debit Card,6/22/2024,CIRCLE K 01974 PHOENIX AZ Date 06/20/24 24692164174105305378147 5499,Circle K,Convenience Stores,-$3.05,,,,
Arizona Federal Debit Card,6/22/2024,QT 1441 INSIDE PHOENIX AZ Date 06/20/24 24692164174105261369270 5541,QuikTrip,Convenience Stores,-$6.08,,,,
Arizona Federal Debit Card,6/22/2024,SQ *PIZZICLETTA @ DARK Flagstaff AZ Date 06/22/24 24692164174106099298483 5812,Pizzicletta,Restaurants,-$34.02,,,,
Arizona Federal Debit Card,6/21/2024,eBay O*27-11708-54607 San Jose CA Date 06/21/24 24204294173002011020039 5311,eBay,Hobbies,-$28.31,,,,
Arizona Federal Debit Card,6/21/2024,QT 1441 INSIDE PHOENIX AZ Date 06/21/24 24692164173105213661676 5541,QuikTrip,Convenience Stores,-$6.08,,,,
Arizona Federal Debit Card,6/21/2024,PAYPAL *taguig221 Visa Direct CA Date 06/21/24 24248184173219089190892 4829,PayPal,Subscriptions - Apps,-$21.85,,,,
Arizona Federal Debit Card,6/21/2024,UBER EATS HELP.UBER.COM CA Date 06/21/24 24492154173719492918871 5812,Uber Eats,Food Delivery,-$27.14,,,,
Arizona Federal Debit Card,6/21/2024,PANERA BREAD #601829 P PHOENIX AZ Date 06/20/24 24692164173104693977488 5814,Panera Bread,Restaurants,-$2.16,,,,
Arizona Federal Debit Card,6/21/2024,PANERA BREAD #601829 O 602-274-0290 AZ Date 06/21/24 24692164173104434114268 5814,Panera Bread,Restaurants,-$3.90,,,,
Arizona Federal Debit Card,6/21/2024,WALGREENS #4506 800-289-2273 AZ Date 06/20/24 24445004173000808780023 5912,Walgreens,Health & Wellness - Prescriptions,-$75.00,,,,
Arizona Federal Debit Card,6/21/2024,CIRCLE K 09169 SCOTTSDALE AZ Date 06/19/24 24692164173104350948335 5499,Circle K,Convenience Stores,-$4.16,,,,
Arizona Federal Debit Card,6/20/2024,TYPE: SPEEDPAY  ID: 9282505000 CO: LumenCenturyLink %% ACH ECC PPD %% ACH Trace 021000026126189,Lumen CenturyLink,Internet,-$65.00,,,,
Arizona Federal Debit Card,6/20/2024,UBER EATS HELP.UBER.COM CA Date 06/20/24 24492154172719323519527 5812,Uber Eats,Food Delivery,-$28.89,,,,
Arizona Federal Debit Card,6/20/2024,PANERA BREAD #601829 O 602-274-0290 AZ Date 06/20/24 24692164172103567767265 5814,Panera Bread,Restaurants,-$3.90,,,,
Arizona Federal Debit Card,6/20/2024,PANERA BREAD #601829 O 602-274-0290 AZ Date 06/20/24 24692164172103567767190 5814,Panera Bread,Restaurants,-$10.39,,,,
Chase Amazon Credit Card,6/19/2024,Amazon . com,Amazon . com,Shopping,-$81.84,,,,
Chase Amazon Credit Card,6/19/2024,Amazon . com,Amazon . com,Shopping,-$49.86,,,,
Chase Amazon Credit Card,6/19/2024,Amazon . com,Amazon . com,Shopping,-$59.72,,,,
Arizona Federal Debit Card,6/19/2024,#061924373018  DRSMALLWOOD.COM DRSMALLWOO150 E PALMETT BOCA RATON FL,Constructive Psychiatry,Health & Wellness - Doctor,-$55.00,,,,
Arizona Federal Debit Card,6/19/2024,Voucher  LOWES #01850* SCOTTSDALE AZ Date 06/19/24 74692164171103370831817 5200,Lowe's,Home Improvement,,36.69,,,
Arizona Federal Debit Card,6/19/2024,PETCO 575 PHOENIX AZ,Petco,Hobbies,-$21.70,,,,
Arizona Federal Debit Card,6/19/2024,LOWE'S #1850 Pending credit/return for $36.69 on card 3562,Lowe's,Home,$0.00,,,,
Arizona Federal Debit Card,6/19/2024,QT 1441 INSIDE PHOENIX AZ Date 06/18/24 24692164171102963096296 5541,QuikTrip,Convenience Stores,-$4.13,,,,
Arizona Federal Debit Card,6/19/2024,PANERA BREAD #601829 O 602-274-0290 AZ Date 06/19/24 24692164171102690862820 5814,Panera Bread,Restaurants,-$7.15,,,,
Arizona Federal Debit Card,6/19/2024,THE OCEAN FLOOR PHOENIX AZ Date 06/19/24 24801974171872360670295 5995,The Ocean Floor,Hobbies,-$26.03,,,,
Arizona Federal Debit Card,6/18/2024,Store Phoenix AZ Date 06/18/24 24793384170003203016065 5814,Store,Miscellaneous,-$16.59,,,,
Arizona Federal Debit Card,6/18/2024,TYPE: INS PREM  ID: 9409348096 DATA: BRANCH05DEBIT  ACH CO: PROG PREFERRED %% ACH ECC PPD %% ACH Trace 021000021319952,Progressive Insurance,Insurance - Vehicle,-$194.75,,,,
Arizona Federal Debit Card,6/18/2024,TYPE: INS PREM  ID: 1360719665 DATA: ACH.EZPR03010 Q  NAME: WHIPPLE CO: ALLSTATE V&P INS %% ACH ECC WEB %% ACH Trace 021000021194648,All State Insurance,Insurance - Home Owners,-$112.00,,,,
Arizona Federal Debit Card,6/18/2024,aliexpress 408-7855580 CA Date 06/18/24 24204294170002220925047 5311,AliExpress,Hobbies,-$19.95,,,,
Arizona Federal Debit Card,6/18/2024,QT 1441 INSIDE PHOENIX AZ Date 06/17/24 24692164170102175667364 5541,QuikTrip,Convenience Stores,-$4.83,,,,
Arizona Federal Debit Card,6/18/2024,PANERA BREAD #601829 O 602-274-0290 AZ Date 06/18/24 24692164170101875416445 5814,Panera Bread,Restaurants,-$7.15,,,,
Arizona Federal Debit Card,6/18/2024,GOOGLE *YouTube g.co/helppay# CA Date 06/18/24 24692164170101971899171 7841,YouTube Premium,Subscriptions - Apps,-$15.11,,,,
Chase Amazon Credit Card,6/17/2024,Amazon . com,Amazon . com,Shopping,-$14.11,,,,
Arizona Federal Debit Card,6/17/2024,BARROS PIZZA - N CENTRA PHOENIX AZ Date 06/17/24 24269794169500614981975 5812,Barro's Pizza,Restaurants,-$20.61,,,,
Arizona Federal Debit Card,6/17/2024,CITY HARDWARE PHOENIX AZ Date 06/16/24 24801974169004810737730 5251,City Hardware,Miscellaneous,-$16.91,,,,
Arizona Federal Debit Card,6/17/2024,TYPE: STUDENT LN  ID: 9102002007 DATA: ACH TRANSACTION  CO: DEPT EDUCATION %% ACH ECC PPD %% ACH Trace 041036049546407,Department of Education,Student Loan Payment,-$328.85,,,,
Arizona Federal Debit Card,6/17/2024,PANERA BREAD #601829 O 602-274-0290 AZ Date 06/17/24 24692164169101094223955 5814,Panera Bread,Restaurants,-$7.15,,,,
Chase Amazon Credit Card,6/16/2024,Amazon . com,Amazon . com,Shopping,-$36.10,,,,
Arizona Federal Debit Card,6/16/2024,Hand and Stone Massage 762-0 AZ Date 06/16/24 24793384168002100698037 8099,Hand & Stone Massage,Health & Wellness - Massage,-$79.95,,,,
Arizona Federal Debit Card,6/16/2024,SQ *AMERICAN PAINTBALL Phoenix AZ Date 06/15/24 24692164168100269918853 5941,American Paintball,Hobbies,-$23.76,,,,
Arizona Federal Debit Card,6/16/2024,GOOGLE *Disney Mobile g.co/helppay# CA Date 06/16/24 24692164168100316768244 5817,Disney+,Subscriptions - Apps,-$19.44,,,,
Arizona Federal Debit Card,6/16/2024,GOOGLE *Hinge 855-836-3987 CA Date 06/16/24 24692164168100779386369 7372,Hinge,Subscriptions - Apps,-$32.40,,,,
Arizona Federal Debit Card,6/16/2024,CIRCLE K 01974 PHOENIX AZ,Circle K,Convenience Stores,-$3.85,,,,
Arizona Federal Debit Card,6/16/2024,ADOBE *ADOBE 408-536-6000 CA Date 06/16/24 24492154168717728370534 5734,Adobe,Subscriptions - Apps,-$37.81,,,,
Arizona Federal Debit Card,6/16/2024,SQ *ALMA*DDZAQY gosq.com NY Date 06/16/24 24692164168100664471904 8099,Alma - Paul Gardner,Health & Wellness - Therapy,-$55.00,,,,
Arizona Federal Debit Card,6/16/2024,QT 1441 INSIDE PHOENIX AZ Date 06/15/24 24692164168100654309908 5541,QuikTrip,Convenience Stores,-$6.42,,,,
Arizona Federal Debit Card,6/16/2024,PANERA BREAD #601829 O 602-274-0290 AZ Date 06/16/24 24692164168100330694343 5814,Panera Bread,Restaurants,-$7.15,,,,
Arizona Federal Debit Card,6/16/2024,GOOGLE *Telegram 855-836-3987 CA Date 06/15/24 24692164167100227932930 5734,Google,Subscriptions - Apps,-$5.39,,,,
Arizona Federal Debit Card,6/15/2024,QT 447 OUTSIDE MESA AZ,QuikTrip,Gas & Fuel,-$47.39,,,,
Arizona Federal Debit Card,6/15/2024,QT 1441 INSIDE PHOENIX AZ Date 06/14/24 24692164167109801686838 5541,QuikTrip,Convenience Stores,-$10.21,,,,
Arizona Federal Debit Card,6/15/2024,PANERA BREAD #601829 O 602-274-0290 AZ Date 06/15/24 24692164167109468863142 5814,Panera Bread,Restaurants,-$7.58,,,,
Arizona Federal Debit Card,6/14/2024,PADDLE.NET* COOLORS PADDLE.COM NY Date 06/14/24 24011344166000013219083 5817,Paddle.com,Subscriptions - Apps,-$5.00,,,,
Arizona Federal Debit Card,6/14/2024,SQ *THE WANDERING TORTO Phoenix AZ Date 06/13/24 24692164166108542858681 5813,The Wandering Tortoise,Restaurants,-$29.98,,,,
Arizona Federal Debit Card,6/14/2024,QT 425 PHOENIX AZ Date 06/13/24 24692164166108885257582 5541,QuikTrip,Convenience Stores,-$6.08,,,,
Arizona Federal Debit Card,6/14/2024,QT 425 PHOENIX AZ Date 06/13/24 24692164166108885255560 5541,QuikTrip,Convenience Stores,-$7.92,,,,
Arizona Federal Debit Card,6/14/2024,GOOGLE *Spotify g.co/helppay# CA Date 06/14/24 24692164166109129908295 5817,Spotify,Subscriptions - Streaming Services,-$11.88,,,,
Arizona Federal Debit Card,6/14/2024,Withdrawal Transfer To Loan 0301,AZFCU,Car Payment,-$342.80,,,,
Arizona Federal Debit Card,6/14/2024,PANERA BREAD #601829 O 602-274-0290 AZ Date 06/14/24 24692164166108567645096 5814,Panera Bread,Restaurants,-$5.09,,,,
Arizona Federal Debit Card,6/14/2024,TYPE: Payroll  ID: 1730383055 CO: MIDFIRST BANK %% ACH ECC PPD %% ACH Trace 303087997932912,MidFirst Bank,Paycheck,,2849.62,,,
Arizona Federal Debit Card,6/13/2024,Canva* 04182-1168525 737-2853388 DE Date 06/14/24 24793384166001000244068 7333,Canva,Subscriptions - Apps,-$14.99,,,,
Arizona Federal Debit Card,6/13/2024,TYPE: PAYMENT  ID: 4866000256 CO: CITY PHX WATER %% ACH ECC PPD %% ACH Trace 021000024599513,City of Phoenix Water Services,Utilities - Water,-$51.93,,,,
Arizona Federal Debit Card,6/13/2024,QT 1441 INSIDE PHOENIX AZ Date 06/12/24 24692164165108010628856 5541,QuikTrip,Convenience Stores,-$7.92,,,,
Arizona Federal Debit Card,6/13/2024,QT 425 PHOENIX AZ Date 06/12/24 24692164165108010287448 5541,QuikTrip,Convenience Stores,-$7.70,,,,
Arizona Federal Debit Card,6/13/2024,PANERA BREAD #601829 O 602-274-0290 AZ Date 06/13/24 24692164165107689872704 5814,Panera Bread,Restaurants,-$7.15,,,,
Arizona Federal Debit Card,6/13/2024,PANERA SIP CLUB 601829 602-274-0290 AZ Date 06/13/24 24692164165107689872621 5814,Panera Bread,Restaurants,-$16.28,,,,
Arizona Federal Debit Card,6/13/2024,aliexpress 408-7855580 CA Date 06/13/24 24204294165001609837028 5310,AliExress,Hobbies,-$31.37,,,,